time,t_wall,t_device_ns,ecg
0.000000,1775806268.289205,599619408963262552,-1350
0.007692,1775806268.289205,599619408963262552,-1491
0.015385,1775806268.289205,599619408963262552,-1622
0.023077,1775806268.289205,599619408963262552,-1750
0.030769,1775806268.289205,599619408963262552,-1874
0.038461,1775806268.289205,599619408963262552,-2013
0.046154,1775806268.289205,599619408963262552,-2139
0.053846,1775806268.289205,599619408963262552,-2238
0.061538,1775806268.289205,599619408963262552,-2358
0.069231,1775806268.289205,599619408963262552,-2486
0.076923,1775806268.289205,599619408963262552,-2587
0.084615,1775806268.289205,599619408963262552,-2706
0.092308,1775806268.289205,599619408963262552,-2848
0.100000,1775806268.289205,599619408963262552,-2929
0.107692,1775806268.289205,599619408963262552,-2999
0.115385,1775806268.289205,599619408963262552,-3132
0.123077,1775806268.289205,599619408963262552,-3271
0.130769,1775806268.289205,599619408963262552,-3444
0.138461,1775806268.289205,599619408963262552,-3652
0.146154,1775806268.289205,599619408963262552,-3757
0.153846,1775806268.289205,599619408963262552,-3847
0.161538,1775806268.289205,599619408963262552,-4005
0.169231,1775806268.289205,599619408963262552,-4115
0.176923,1775806268.289205,599619408963262552,-4201
0.184615,1775806268.289205,599619408963262552,-4315
0.192308,1775806268.289205,599619408963262552,-4394
0.200000,1775806268.289205,599619408963262552,-4462
0.207692,1775806268.289205,599619408963262552,-4547
0.215385,1775806268.289205,599619408963262552,-4606
0.223077,1775806268.289205,599619408963262552,-4675
0.230769,1775806268.289205,599619408963262552,-4752
0.238461,1775806268.289205,599619408963262552,-4786
0.246154,1775806268.289205,599619408963262552,-4849
0.253846,1775806268.289205,599619408963262552,-4977
0.261538,1775806268.289205,599619408963262552,-5071
0.269231,1775806268.289205,599619408963262552,-5137
0.276923,1775806268.289205,599619408963262552,-5150
0.284615,1775806268.289205,599619408963262552,-5047
0.292308,1775806268.289205,599619408963262552,-5029
0.300000,1775806268.289205,599619408963262552,-5121
0.307692,1775806268.289205,599619408963262552,-5139
0.315385,1775806268.289205,599619408963262552,-5157
0.323077,1775806268.289205,599619408963262552,-5200
0.330769,1775806268.289205,599619408963262552,-5202
0.338462,1775806268.289205,599619408963262552,-5231
0.346154,1775806268.289205,599619408963262552,-5287
0.353846,1775806268.289205,599619408963262552,-5303
0.361538,1775806268.289205,599619408963262552,-5330
0.369231,1775806268.289205,599619408963262552,-5357
0.376923,1775806268.289205,599619408963262552,-5350
0.384615,1775806268.289205,599619408963262552,-5386
0.392308,1775806268.289205,599619408963262552,-5431
0.400000,1775806268.289205,599619408963262552,-5440
0.407692,1775806268.289205,599619408963262552,-5461
0.415385,1775806268.289205,599619408963262552,-5467
0.423077,1775806268.289205,599619408963262552,-5454
0.430769,1775806268.289205,599619408963262552,-5490
0.438462,1775806268.289205,599619408963262552,-5519
0.446154,1775806268.289205,599619408963262552,-5551
0.453846,1775806268.289205,599619408963262552,-5609
0.461538,1775806268.289205,599619408963262552,-5533
0.469231,1775806268.289205,599619408963262552,-5416
0.476923,1775806268.289205,599619408963262552,-5449
0.484615,1775806268.289205,599619408963262552,-5510
0.492308,1775806268.289205,599619408963262552,-5569
0.500000,1775806268.289205,599619408963262552,-5647
0.507692,1775806268.289205,599619408963262552,-5564
0.515385,1775806268.289205,599619408963262552,-5391
0.523077,1775806268.289205,599619408963262552,-5371
0.530769,1775806268.289205,599619408963262552,-5411
0.538461,1775806268.289205,599619408963262552,-5407
0.546154,1775806268.289205,599619408963262552,-5389
0.553846,1775806268.289205,599619408963262552,-5314
0.561602,1775806268.871257,599619409524864960,-5254
0.569295,1775806268.871257,599619409524864960,-5278
0.576987,1775806268.871257,599619409524864960,-5292
0.584679,1775806268.871257,599619409524864960,-5269
0.592372,1775806268.871257,599619409524864960,-5249
0.600064,1775806268.871257,599619409524864960,-5245
0.607756,1775806268.871257,599619409524864960,-5263
0.615449,1775806268.871257,599619409524864960,-5256
0.623141,1775806268.871257,599619409524864960,-5281
0.630833,1775806268.871257,599619409524864960,-5416
0.638525,1775806268.871257,599619409524864960,-5319
0.646218,1775806268.871257,599619409524864960,-4959
0.653910,1775806268.871257,599619409524864960,-4887
0.661602,1775806268.871257,599619409524864960,-5017
0.669295,1775806268.871257,599619409524864960,-4981
0.676987,1775806268.871257,599619409524864960,-4903
0.684679,1775806268.871257,599619409524864960,-4887
0.692372,1775806268.871257,599619409524864960,-4858
0.700064,1775806268.871257,599619409524864960,-4828
0.707756,1775806268.871257,599619409524864960,-4840
0.715449,1775806268.871257,599619409524864960,-4853
0.723141,1775806268.871257,599619409524864960,-4822
0.730833,1775806268.871257,599619409524864960,-4763
0.738526,1775806268.871257,599619409524864960,-4732
0.746218,1775806268.871257,599619409524864960,-4754
0.753910,1775806268.871257,599619409524864960,-4786
0.761602,1775806268.871257,599619409524864960,-4741
0.769295,1775806268.871257,599619409524864960,-4657
0.776987,1775806268.871257,599619409524864960,-4612
0.784679,1775806268.871257,599619409524864960,-4592
0.792372,1775806268.871257,599619409524864960,-4554
0.800064,1775806268.871257,599619409524864960,-4520
0.807756,1775806268.871257,599619409524864960,-4466
0.815449,1775806268.871257,599619409524864960,-4156
0.823141,1775806268.871257,599619409524864960,-3724
0.830833,1775806268.871257,599619409524864960,-3935
0.838526,1775806268.871257,599619409524864960,-4709
0.846218,1775806268.871257,599619409524864960,-4975
0.853910,1775806268.871257,599619409524864960,-4570
0.861602,1775806268.871257,599619409524864960,-4282
0.869295,1775806268.871257,599619409524864960,-4295
0.876987,1775806268.871257,599619409524864960,-4273
0.884679,1775806268.871257,599619409524864960,-4216
0.892372,1775806268.871257,599619409524864960,-4239
0.900064,1775806268.871257,599619409524864960,-4257
0.907756,1775806268.871257,599619409524864960,-4196
0.915449,1775806268.871257,599619409524864960,-4135
0.923141,1775806268.871257,599619409524864960,-4122
0.930833,1775806268.871257,599619409524864960,-4104
0.938526,1775806268.871257,599619409524864960,-4095
0.946218,1775806268.871257,599619409524864960,-4104
0.953910,1775806268.871257,599619409524864960,-4066
0.961602,1775806268.871257,599619409524864960,-4003
0.969295,1775806268.871257,599619409524864960,-3964
0.976987,1775806268.871257,599619409524864960,-3935
0.984679,1775806268.871257,599619409524864960,-3919
0.992372,1775806268.871257,599619409524864960,-3922
1.000064,1775806268.871257,599619409524864960,-3935
1.007756,1775806268.871257,599619409524864960,-3910
1.015449,1775806268.871257,599619409524864960,-3800
1.023141,1775806268.871257,599619409524864960,-3688
1.030833,1775806268.871257,599619409524864960,-3719
1.038525,1775806268.871257,599619409524864960,-3755
1.046218,1775806268.871257,599619409524864960,-3586
1.053910,1775806268.871257,599619409524864960,-3417
1.061602,1775806268.871257,599619409524864960,-3413
1.069295,1775806268.871257,599619409524864960,-3404
1.076987,1775806268.871257,599619409524864960,-3372
1.084679,1775806268.871257,599619409524864960,-3377
1.092372,1775806268.871257,599619409524864960,-3363
1.100064,1775806268.871257,599619409524864960,-3352
1.107756,1775806268.871257,599619409524864960,-3393
1.115449,1775806268.871257,599619409524864960,-3447
1.123245,1775806269.411283,599619410086508060,-3505
1.130938,1775806269.411283,599619410086508060,-3550
1.138630,1775806269.411283,599619410086508060,-3532
1.146322,1775806269.411283,599619410086508060,-3501
1.154015,1775806269.411283,599619410086508060,-3496
1.161707,1775806269.411283,599619410086508060,-3512
1.169399,1775806269.411283,599619410086508060,-3575
1.177092,1775806269.411283,599619410086508060,-3573
1.184784,1775806269.411283,599619410086508060,-3422
1.192476,1775806269.411283,599619410086508060,-3345
1.200168,1775806269.411283,599619410086508060,-3370
1.207861,1775806269.411283,599619410086508060,-3366
1.215553,1775806269.411283,599619410086508060,-3402
1.223246,1775806269.411283,599619410086508060,-3388
1.230938,1775806269.411283,599619410086508060,-3242
1.238630,1775806269.411283,599619410086508060,-3186
1.246322,1775806269.411283,599619410086508060,-3226
1.254015,1775806269.411283,599619410086508060,-3177
1.261707,1775806269.411283,599619410086508060,-3123
1.269399,1775806269.411283,599619410086508060,-3107
1.277092,1775806269.411283,599619410086508060,-3048
1.284784,1775806269.411283,599619410086508060,-2997
1.292476,1775806269.411283,599619410086508060,-2988
1.300169,1775806269.411283,599619410086508060,-2983
1.307861,1775806269.411283,599619410086508060,-2988
1.315553,1775806269.411283,599619410086508060,-2965
1.323245,1775806269.411283,599619410086508060,-2904
1.330938,1775806269.411283,599619410086508060,-2875
1.338630,1775806269.411283,599619410086508060,-2877
1.346322,1775806269.411283,599619410086508060,-2904
1.354015,1775806269.411283,599619410086508060,-2938
1.361707,1775806269.411283,599619410086508060,-2864
1.369399,1775806269.411283,599619410086508060,-2751
1.377092,1775806269.411283,599619410086508060,-2756
1.384784,1775806269.411283,599619410086508060,-2778
1.392476,1775806269.411283,599619410086508060,-2740
1.400169,1775806269.411283,599619410086508060,-2713
1.407861,1775806269.411283,599619410086508060,-2686
1.415553,1775806269.411283,599619410086508060,-2634
1.423245,1775806269.411283,599619410086508060,-2607
1.430938,1775806269.411283,599619410086508060,-2603
1.438630,1775806269.411283,599619410086508060,-2589
1.446322,1775806269.411283,599619410086508060,-2574
1.454015,1775806269.411283,599619410086508060,-2544
1.461707,1775806269.411283,599619410086508060,-2506
1.469399,1775806269.411283,599619410086508060,-2488
1.477092,1775806269.411283,599619410086508060,-2481
1.484784,1775806269.411283,599619410086508060,-2488
1.492476,1775806269.411283,599619410086508060,-2513
1.500169,1775806269.411283,599619410086508060,-2490
1.507861,1775806269.411283,599619410086508060,-2445
1.515553,1775806269.411283,599619410086508060,-2443
1.523245,1775806269.411283,599619410086508060,-2423
1.530938,1775806269.411283,599619410086508060,-2385
1.538630,1775806269.411283,599619410086508060,-2344
1.546322,1775806269.411283,599619410086508060,-2265
1.554015,1775806269.411283,599619410086508060,-2205
1.561707,1775806269.411283,599619410086508060,-2193
1.569399,1775806269.411283,599619410086508060,-2178
1.577092,1775806269.411283,599619410086508060,-2151
1.584784,1775806269.411283,599619410086508060,-2128
1.592476,1775806269.411283,599619410086508060,-2097
1.600168,1775806269.411283,599619410086508060,-2067
1.607861,1775806269.411283,599619410086508060,-2052
1.615553,1775806269.411283,599619410086508060,-2047
1.623245,1775806269.411283,599619410086508060,-2038
1.630938,1775806269.411283,599619410086508060,-2013
1.638630,1775806269.411283,599619410086508060,-1984
1.646322,1775806269.411283,599619410086508060,-1948
1.654015,1775806269.411283,599619410086508060,-1899
1.661707,1775806269.411283,599619410086508060,-1921
1.669399,1775806269.411283,599619410086508060,-1975
1.677092,1775806269.411283,599619410086508060,-1935
1.684858,1775806269.951254,599619410648120640,-1874
1.692550,1775806269.951254,599619410648120640,-1869
1.700243,1775806269.951254,599619410648120640,-1867
1.707935,1775806269.951254,599619410648120640,-1872
1.715627,1775806269.951254,599619410648120640,-1883
1.723319,1775806269.951254,599619410648120640,-1872
1.731012,1775806269.951254,599619410648120640,-1867
1.738704,1775806269.951254,599619410648120640,-1863
1.746396,1775806269.951254,599619410648120640,-1836
1.754089,1775806269.951254,599619410648120640,-1833
1.761781,1775806269.951254,599619410648120640,-1838
1.769473,1775806269.951254,599619410648120640,-1779
1.777166,1775806269.951254,599619410648120640,-1725
1.784858,1775806269.951254,599619410648120640,-1716
1.792550,1775806269.951254,599619410648120640,-1703
1.800243,1775806269.951254,599619410648120640,-1689
1.807935,1775806269.951254,599619410648120640,-1680
1.815627,1775806269.951254,599619410648120640,-1642
1.823319,1775806269.951254,599619410648120640,-1487
1.831012,1775806269.951254,599619410648120640,-1149
1.838704,1775806269.951254,599619410648120640,-920
1.846396,1775806269.951254,599619410648120640,-1300
1.854089,1775806269.951254,599619410648120640,-2025
1.861781,1775806269.951254,599619410648120640,-2182
1.869473,1775806269.951254,599619410648120640,-1743
1.877166,1775806269.951254,599619410648120640,-1503
1.884858,1775806269.951254,599619410648120640,-1577
1.892550,1775806269.951254,599619410648120640,-1577
1.900243,1775806269.951254,599619410648120640,-1509
1.907935,1775806269.951254,599619410648120640,-1509
1.915627,1775806269.951254,599619410648120640,-1516
1.923319,1775806269.951254,599619410648120640,-1489
1.931012,1775806269.951254,599619410648120640,-1480
1.938704,1775806269.951254,599619410648120640,-1482
1.946396,1775806269.951254,599619410648120640,-1464
1.954089,1775806269.951254,599619410648120640,-1453
1.961781,1775806269.951254,599619410648120640,-1451
1.969473,1775806269.951254,599619410648120640,-1431
1.977166,1775806269.951254,599619410648120640,-1428
1.984858,1775806269.951254,599619410648120640,-1433
1.992550,1775806269.951254,599619410648120640,-1404
2.000243,1775806269.951254,599619410648120640,-1370
2.007935,1775806269.951254,599619410648120640,-1377
2.015627,1775806269.951254,599619410648120640,-1388
2.023319,1775806269.951254,599619410648120640,-1372
2.031012,1775806269.951254,599619410648120640,-1320
2.038704,1775806269.951254,599619410648120640,-1248
2.046396,1775806269.951254,599619410648120640,-1203
2.054089,1775806269.951254,599619410648120640,-1174
2.061781,1775806269.951254,599619410648120640,-1131
2.069473,1775806269.951254,599619410648120640,-1102
2.077166,1775806269.951254,599619410648120640,-1086
2.084858,1775806269.951254,599619410648120640,-1062
2.092550,1775806269.951254,599619410648120640,-1053
2.100242,1775806269.951254,599619410648120640,-1071
2.107935,1775806269.951254,599619410648120640,-1089
2.115627,1775806269.951254,599619410648120640,-1125
2.123320,1775806269.951254,599619410648120640,-1179
2.131012,1775806269.951254,599619410648120640,-1224
2.138704,1775806269.951254,599619410648120640,-1273
2.146396,1775806269.951254,599619410648120640,-1320
2.154089,1775806269.951254,599619410648120640,-1345
2.161781,1775806269.951254,599619410648120640,-1356
2.169473,1775806269.951254,599619410648120640,-1365
2.177166,1775806269.951254,599619410648120640,-1363
2.184858,1775806269.951254,599619410648120640,-1361
2.192550,1775806269.951254,599619410648120640,-1363
2.200243,1775806269.951254,599619410648120640,-1374
2.207935,1775806269.951254,599619410648120640,-1392
2.215627,1775806269.951254,599619410648120640,-1361
2.223319,1775806269.951254,599619410648120640,-1316
2.231012,1775806269.951254,599619410648120640,-1316
2.238704,1775806269.951254,599619410648120640,-1302
2.246460,1775806270.491346,599619411209723050,-1269
2.254153,1775806270.491346,599619411209723050,-1264
2.261845,1775806270.491346,599619411209723050,-1251
2.269537,1775806270.491346,599619411209723050,-1224
2.277230,1775806270.491346,599619411209723050,-1212
2.284922,1775806270.491346,599619411209723050,-1203
2.292614,1775806270.491346,599619411209723050,-1203
2.300307,1775806270.491346,599619411209723050,-1203
2.307999,1775806270.491346,599619411209723050,-1158
2.315691,1775806270.491346,599619411209723050,-1120
2.323383,1775806270.491346,599619411209723050,-1125
2.331076,1775806270.491346,599619411209723050,-1118
2.338768,1775806270.491346,599619411209723050,-1100
2.346460,1775806270.491346,599619411209723050,-1091
2.354153,1775806270.491346,599619411209723050,-1077
2.361845,1775806270.491346,599619411209723050,-1064
2.369537,1775806270.491346,599619411209723050,-1066
2.377230,1775806270.491346,599619411209723050,-1075
2.384922,1775806270.491346,599619411209723050,-1089
2.392614,1775806270.491346,599619411209723050,-1075
2.400307,1775806270.491346,599619411209723050,-1032
2.407999,1775806270.491346,599619411209723050,-1019
2.415691,1775806270.491346,599619411209723050,-1021
2.423383,1775806270.491346,599619411209723050,-996
2.431076,1775806270.491346,599619411209723050,-985
2.438768,1775806270.491346,599619411209723050,-981
2.446460,1775806270.491346,599619411209723050,-958
2.454153,1775806270.491346,599619411209723050,-942
2.461845,1775806270.491346,599619411209723050,-945
2.469537,1775806270.491346,599619411209723050,-949
2.477230,1775806270.491346,599619411209723050,-942
2.484922,1775806270.491346,599619411209723050,-920
2.492614,1775806270.491346,599619411209723050,-900
2.500307,1775806270.491346,599619411209723050,-895
2.507999,1775806270.491346,599619411209723050,-902
2.515691,1775806270.491346,599619411209723050,-918
2.523383,1775806270.491346,599619411209723050,-904
2.531076,1775806270.491346,599619411209723050,-864
2.538768,1775806270.491346,599619411209723050,-855
2.546460,1775806270.491346,599619411209723050,-866
2.554153,1775806270.491346,599619411209723050,-855
2.561845,1775806270.491346,599619411209723050,-857
2.569537,1775806270.491346,599619411209723050,-866
2.577230,1775806270.491346,599619411209723050,-834
2.584922,1775806270.491346,599619411209723050,-801
2.592614,1775806270.491346,599619411209723050,-805
2.600307,1775806270.491346,599619411209723050,-807
2.607999,1775806270.491346,599619411209723050,-803
2.615691,1775806270.491346,599619411209723050,-801
2.623384,1775806270.491346,599619411209723050,-787
2.631076,1775806270.491346,599619411209723050,-778
2.638768,1775806270.491346,599619411209723050,-787
2.646460,1775806270.491346,599619411209723050,-789
2.654153,1775806270.491346,599619411209723050,-774
2.661845,1775806270.491346,599619411209723050,-758
2.669537,1775806270.491346,599619411209723050,-726
2.677230,1775806270.491346,599619411209723050,-690
2.684922,1775806270.491346,599619411209723050,-693
2.692614,1775806270.491346,599619411209723050,-735
2.700307,1775806270.491346,599619411209723050,-767
2.707999,1775806270.491346,599619411209723050,-762
2.715691,1775806270.491346,599619411209723050,-762
2.723383,1775806270.491346,599619411209723050,-785
2.731076,1775806270.491346,599619411209723050,-792
2.738768,1775806270.491346,599619411209723050,-798
2.746460,1775806270.491346,599619411209723050,-819
2.754153,1775806270.491346,599619411209723050,-801
2.761845,1775806270.491346,599619411209723050,-760
2.769537,1775806270.491346,599619411209723050,-758
2.777230,1775806270.491346,599619411209723050,-767
2.784922,1775806270.491346,599619411209723050,-760
2.792614,1775806270.491346,599619411209723050,-756
2.800307,1775806270.491346,599619411209723050,-742
2.808083,1775806271.076264,599619411771345802,-724
2.815775,1775806271.076264,599619411771345802,-720
2.823468,1775806271.076264,599619411771345802,-717
2.831160,1775806271.076264,599619411771345802,-726
2.838852,1775806271.076264,599619411771345802,-686
2.846545,1775806271.076264,599619411771345802,-463
2.854237,1775806271.076264,599619411771345802,-96
2.861929,1775806271.076264,599619411771345802,-31
2.869622,1775806271.076264,599619411771345802,-607
2.877314,1775806271.076264,599619411771345802,-1266
2.885006,1775806271.076264,599619411771345802,-1235
2.892699,1775806271.076264,599619411771345802,-810
2.900391,1775806271.076264,599619411771345802,-654
2.908083,1775806271.076264,599619411771345802,-702
2.915775,1775806271.076264,599619411771345802,-677
2.923468,1775806271.076264,599619411771345802,-663
2.931160,1775806271.076264,599619411771345802,-684
2.938852,1775806271.076264,599619411771345802,-648
2.946545,1775806271.076264,599619411771345802,-616
2.954237,1775806271.076264,599619411771345802,-627
2.961929,1775806271.076264,599619411771345802,-634
2.969622,1775806271.076264,599619411771345802,-630
2.977314,1775806271.076264,599619411771345802,-618
2.985006,1775806271.076264,599619411771345802,-598
2.992699,1775806271.076264,599619411771345802,-585
3.000391,1775806271.076264,599619411771345802,-585
3.008083,1775806271.076264,599619411771345802,-578
3.015775,1775806271.076264,599619411771345802,-567
3.023468,1775806271.076264,599619411771345802,-562
3.031160,1775806271.076264,599619411771345802,-549
3.038852,1775806271.076264,599619411771345802,-519
3.046545,1775806271.076264,599619411771345802,-495
3.054237,1775806271.076264,599619411771345802,-477
3.061929,1775806271.076264,599619411771345802,-456
3.069622,1775806271.076264,599619411771345802,-429
3.077314,1775806271.076264,599619411771345802,-398
3.085006,1775806271.076264,599619411771345802,-369
3.092699,1775806271.076264,599619411771345802,-351
3.100391,1775806271.076264,599619411771345802,-344
3.108083,1775806271.076264,599619411771345802,-339
3.115775,1775806271.076264,599619411771345802,-335
3.123468,1775806271.076264,599619411771345802,-344
3.131160,1775806271.076264,599619411771345802,-375
3.138852,1775806271.076264,599619411771345802,-420
3.146545,1775806271.076264,599619411771345802,-481
3.154237,1775806271.076264,599619411771345802,-540
3.161929,1775806271.076264,599619411771345802,-582
3.169622,1775806271.076264,599619411771345802,-616
3.177314,1775806271.076264,599619411771345802,-648
3.185006,1775806271.076264,599619411771345802,-666
3.192698,1775806271.076264,599619411771345802,-679
3.200391,1775806271.076264,599619411771345802,-690
3.208083,1775806271.076264,599619411771345802,-690
3.215775,1775806271.076264,599619411771345802,-688
3.223468,1775806271.076264,599619411771345802,-675
3.231160,1775806271.076264,599619411771345802,-663
3.238852,1775806271.076264,599619411771345802,-663
3.246545,1775806271.076264,599619411771345802,-663
3.254237,1775806271.076264,599619411771345802,-645
3.261929,1775806271.076264,599619411771345802,-623
3.269622,1775806271.076264,599619411771345802,-618
3.277314,1775806271.076264,599619411771345802,-625
3.285006,1775806271.076264,599619411771345802,-632
3.292699,1775806271.076264,599619411771345802,-630
3.300391,1775806271.076264,599619411771345802,-603
3.308083,1775806271.076264,599619411771345802,-580
3.315775,1775806271.076264,599619411771345802,-580
3.323468,1775806271.076264,599619411771345802,-585
3.331160,1775806271.076264,599619411771345802,-587
3.338852,1775806271.076264,599619411771345802,-578
3.346545,1775806271.076264,599619411771345802,-567
3.354237,1775806271.076264,599619411771345802,-558
3.361929,1775806271.076264,599619411771345802,-553
3.369706,1775806271.661235,599619412332968558,-551
3.377398,1775806271.661235,599619412332968558,-549
3.385091,1775806271.661235,599619412332968558,-540
3.392783,1775806271.661235,599619412332968558,-531
3.400475,1775806271.661235,599619412332968558,-528
3.408167,1775806271.661235,599619412332968558,-528
3.415860,1775806271.661235,599619412332968558,-533
3.423552,1775806271.661235,599619412332968558,-544
3.431244,1775806271.661235,599619412332968558,-528
3.438937,1775806271.661235,599619412332968558,-501
3.446629,1775806271.661235,599619412332968558,-499
3.454321,1775806271.661235,599619412332968558,-501
3.462014,1775806271.661235,599619412332968558,-506
3.469706,1775806271.661235,599619412332968558,-508
3.477398,1775806271.661235,599619412332968558,-483
3.485091,1775806271.661235,599619412332968558,-463
3.492783,1775806271.661235,599619412332968558,-461
3.500475,1775806271.661235,599619412332968558,-459
3.508168,1775806271.661235,599619412332968558,-454
3.515860,1775806271.661235,599619412332968558,-452
3.523552,1775806271.661235,599619412332968558,-452
3.531245,1775806271.661235,599619412332968558,-456
3.538937,1775806271.661235,599619412332968558,-450
3.546629,1775806271.661235,599619412332968558,-432
3.554321,1775806271.661235,599619412332968558,-427
3.562014,1775806271.661235,599619412332968558,-434
3.569706,1775806271.661235,599619412332968558,-432
3.577398,1775806271.661235,599619412332968558,-423
3.585091,1775806271.661235,599619412332968558,-414
3.592783,1775806271.661235,599619412332968558,-409
3.600475,1775806271.661235,599619412332968558,-402
3.608168,1775806271.661235,599619412332968558,-373
3.615860,1775806271.661235,599619412332968558,-339
3.623552,1775806271.661235,599619412332968558,-346
3.631244,1775806271.661235,599619412332968558,-378
3.638937,1775806271.661235,599619412332968558,-400
3.646629,1775806271.661235,599619412332968558,-414
3.654321,1775806271.661235,599619412332968558,-414
3.662014,1775806271.661235,599619412332968558,-411
3.669706,1775806271.661235,599619412332968558,-423
3.677398,1775806271.661235,599619412332968558,-429
3.685091,1775806271.661235,599619412332968558,-432
3.692783,1775806271.661235,599619412332968558,-438
3.700475,1775806271.661235,599619412332968558,-436
3.708168,1775806271.661235,599619412332968558,-434
3.715860,1775806271.661235,599619412332968558,-429
3.723552,1775806271.661235,599619412332968558,-420
3.731244,1775806271.661235,599619412332968558,-416
3.738937,1775806271.661235,599619412332968558,-416
3.746629,1775806271.661235,599619412332968558,-402
3.754321,1775806271.661235,599619412332968558,-391
3.762014,1775806271.661235,599619412332968558,-393
3.769706,1775806271.661235,599619412332968558,-389
3.777398,1775806271.661235,599619412332968558,-348
3.785091,1775806271.661235,599619412332968558,-150
3.792783,1775806271.661235,599619412332968558,238
3.800475,1775806271.661235,599619412332968558,380
3.808168,1775806271.661235,599619412332968558,-186
3.815860,1775806271.661235,599619412332968558,-920
3.823552,1775806271.661235,599619412332968558,-942
3.831244,1775806271.661235,599619412332968558,-513
3.838937,1775806271.661235,599619412332968558,-348
3.846629,1775806271.661235,599619412332968558,-405
3.854321,1775806271.661235,599619412332968558,-387
3.862014,1775806271.661235,599619412332968558,-357
3.869706,1775806271.661235,599619412332968558,-380
3.877398,1775806271.661235,599619412332968558,-380
3.885091,1775806271.661235,599619412332968558,-364
3.892783,1775806271.661235,599619412332968558,-366
3.900475,1775806271.661235,599619412332968558,-369
3.908167,1775806271.661235,599619412332968558,-362
3.915860,1775806271.661235,599619412332968558,-357
3.923552,1775806271.661235,599619412332968558,-353
3.931329,1775806272.201246,599619412894591312,-346
3.939021,1775806272.201246,599619412894591312,-346
3.946713,1775806272.201246,599619412894591312,-346
3.954406,1775806272.201246,599619412894591312,-342
3.962098,1775806272.201246,599619412894591312,-333
3.969790,1775806272.201246,599619412894591312,-310
3.977483,1775806272.201246,599619412894591312,-285
3.985175,1775806272.201246,599619412894591312,-272
3.992867,1775806272.201246,599619412894591312,-256
4.000560,1775806272.201246,599619412894591312,-231
4.008252,1775806272.201246,599619412894591312,-209
4.015944,1775806272.201246,599619412894591312,-175
4.023636,1775806272.201246,599619412894591312,-141
4.031329,1775806272.201246,599619412894591312,-126
4.039021,1775806272.201246,599619412894591312,-114
4.046713,1775806272.201246,599619412894591312,-103
4.054406,1775806272.201246,599619412894591312,-101
4.062098,1775806272.201246,599619412894591312,-117
4.069790,1775806272.201246,599619412894591312,-150
4.077483,1775806272.201246,599619412894591312,-200
4.085175,1775806272.201246,599619412894591312,-256
4.092867,1775806272.201246,599619412894591312,-306
4.100559,1775806272.201246,599619412894591312,-353
4.108252,1775806272.201246,599619412894591312,-391
4.115944,1775806272.201246,599619412894591312,-416
4.123636,1775806272.201246,599619412894591312,-441
4.131329,1775806272.201246,599619412894591312,-463
4.139021,1775806272.201246,599619412894591312,-474
4.146713,1775806272.201246,599619412894591312,-465
4.154406,1775806272.201246,599619412894591312,-445
4.162098,1775806272.201246,599619412894591312,-436
4.169790,1775806272.201246,599619412894591312,-434
4.177483,1775806272.201246,599619412894591312,-429
4.185175,1775806272.201246,599619412894591312,-423
4.192867,1775806272.201246,599619412894591312,-420
4.200559,1775806272.201246,599619412894591312,-416
4.208252,1775806272.201246,599619412894591312,-405
4.215944,1775806272.201246,599619412894591312,-391
4.223636,1775806272.201246,599619412894591312,-389
4.231329,1775806272.201246,599619412894591312,-387
4.239021,1775806272.201246,599619412894591312,-380
4.246713,1775806272.201246,599619412894591312,-373
4.254406,1775806272.201246,599619412894591312,-369
4.262098,1775806272.201246,599619412894591312,-366
4.269790,1775806272.201246,599619412894591312,-366
4.277483,1775806272.201246,599619412894591312,-360
4.285175,1775806272.201246,599619412894591312,-348
4.292867,1775806272.201246,599619412894591312,-344
4.300560,1775806272.201246,599619412894591312,-344
4.308252,1775806272.201246,599619412894591312,-351
4.315944,1775806272.201246,599619412894591312,-353
4.323636,1775806272.201246,599619412894591312,-348
4.331329,1775806272.201246,599619412894591312,-333
4.339021,1775806272.201246,599619412894591312,-321
4.346713,1775806272.201246,599619412894591312,-326
4.354406,1775806272.201246,599619412894591312,-328
4.362098,1775806272.201246,599619412894591312,-326
4.369790,1775806272.201246,599619412894591312,-326
4.377483,1775806272.201246,599619412894591312,-324
4.385175,1775806272.201246,599619412894591312,-319
4.392867,1775806272.201246,599619412894591312,-319
4.400560,1775806272.201246,599619412894591312,-321
4.408252,1775806272.201246,599619412894591312,-324
4.415944,1775806272.201246,599619412894591312,-319
4.423636,1775806272.201246,599619412894591312,-308
4.431329,1775806272.201246,599619412894591312,-308
4.439021,1775806272.201246,599619412894591312,-317
4.446713,1775806272.201246,599619412894591312,-319
4.454406,1775806272.201246,599619412894591312,-317
4.462098,1775806272.201246,599619412894591312,-312
4.469790,1775806272.201246,599619412894591312,-308
4.477483,1775806272.201246,599619412894591312,-303
4.485175,1775806272.201246,599619412894591312,-303
4.492921,1775806272.873251,599619413456183548,-310
4.500613,1775806272.873251,599619413456183548,-315
4.508306,1775806272.873251,599619413456183548,-306
4.515998,1775806272.873251,599619413456183548,-288
4.523690,1775806272.873251,599619413456183548,-288
4.531382,1775806272.873251,599619413456183548,-294
4.539075,1775806272.873251,599619413456183548,-306
4.546767,1775806272.873251,599619413456183548,-312
4.554459,1775806272.873251,599619413456183548,-288
4.562152,1775806272.873251,599619413456183548,-254
4.569844,1775806272.873251,599619413456183548,-234
4.577536,1775806272.873251,599619413456183548,-211
4.585229,1775806272.873251,599619413456183548,-207
4.592921,1775806272.873251,599619413456183548,-234
4.600613,1775806272.873251,599619413456183548,-252
4.608306,1775806272.873251,599619413456183548,-254
4.615998,1775806272.873251,599619413456183548,-263
4.623690,1775806272.873251,599619413456183548,-281
4.631382,1775806272.873251,599619413456183548,-297
4.639075,1775806272.873251,599619413456183548,-306
4.646767,1775806272.873251,599619413456183548,-310
4.654459,1775806272.873251,599619413456183548,-312
4.662152,1775806272.873251,599619413456183548,-315
4.669844,1775806272.873251,599619413456183548,-315
4.677536,1775806272.873251,599619413456183548,-312
4.685229,1775806272.873251,599619413456183548,-310
4.692921,1775806272.873251,599619413456183548,-297
4.700613,1775806272.873251,599619413456183548,-285
4.708306,1775806272.873251,599619413456183548,-281
4.715998,1775806272.873251,599619413456183548,-274
4.723690,1775806272.873251,599619413456183548,-272
4.731382,1775806272.873251,599619413456183548,-272
4.739075,1775806272.873251,599619413456183548,-238
4.746767,1775806272.873251,599619413456183548,-76
4.754459,1775806272.873251,599619413456183548,272
4.762152,1775806272.873251,599619413456183548,486
4.769844,1775806272.873251,599619413456183548,65
4.777536,1775806272.873251,599619413456183548,-686
4.785229,1775806272.873251,599619413456183548,-846
4.792921,1775806272.873251,599619413456183548,-416
4.800613,1775806272.873251,599619413456183548,-211
4.808306,1775806272.873251,599619413456183548,-306
4.815998,1775806272.873251,599619413456183548,-301
4.823690,1775806272.873251,599619413456183548,-252
4.831383,1775806272.873251,599619413456183548,-276
4.839075,1775806272.873251,599619413456183548,-283
4.846767,1775806272.873251,599619413456183548,-261
4.854459,1775806272.873251,599619413456183548,-265
4.862152,1775806272.873251,599619413456183548,-274
4.869844,1775806272.873251,599619413456183548,-263
4.877536,1775806272.873251,599619413456183548,-247
4.885229,1775806272.873251,599619413456183548,-240
4.892921,1775806272.873251,599619413456183548,-238
4.900613,1775806272.873251,599619413456183548,-236
4.908306,1775806272.873251,599619413456183548,-234
4.915998,1775806272.873251,599619413456183548,-218
4.923690,1775806272.873251,599619413456183548,-202
4.931383,1775806272.873251,599619413456183548,-193
4.939075,1775806272.873251,599619413456183548,-177
4.946767,1775806272.873251,599619413456183548,-157
4.954459,1775806272.873251,599619413456183548,-141
4.962152,1775806272.873251,599619413456183548,-121
4.969844,1775806272.873251,599619413456183548,-94
4.977536,1775806272.873251,599619413456183548,-69
4.985229,1775806272.873251,599619413456183548,-49
4.992921,1775806272.873251,599619413456183548,-31
5.000613,1775806272.873251,599619413456183548,-18
5.008306,1775806272.873251,599619413456183548,-9
5.015998,1775806272.873251,599619413456183548,-15
5.023690,1775806272.873251,599619413456183548,-31
5.031382,1775806272.873251,599619413456183548,-63
5.039075,1775806272.873251,599619413456183548,-117
5.046767,1775806272.873251,599619413456183548,-180
