time,t_wall,t_device_ns,x,y,z
0.000000,1775556859.208054,599616524173749960,-920,49,405
0.005000,1775556859.208054,599616524173749960,-922,44,404
0.010000,1775556859.208054,599616524173749960,-922,44,410
0.015000,1775556859.208054,599616524173749960,-925,43,411
0.020000,1775556859.208054,599616524173749960,-925,46,409
0.025000,1775556859.208054,599616524173749960,-924,48,412
0.030000,1775556859.208054,599616524173749960,-925,49,407
0.035000,1775556859.208054,599616524173749960,-924,47,407
0.040000,1775556859.208054,599616524173749960,-925,48,404
0.045000,1775556859.208054,599616524173749960,-922,47,403
0.050000,1775556859.208054,599616524173749960,-927,46,406
0.055000,1775556859.208054,599616524173749960,-923,45,407
0.060000,1775556859.208054,599616524173749960,-924,43,409
0.065000,1775556859.208054,599616524173749960,-925,43,407
0.070000,1775556859.208054,599616524173749960,-927,46,406
0.075000,1775556859.208054,599616524173749960,-927,44,404
0.080000,1775556859.208054,599616524173749960,-925,42,404
0.085000,1775556859.208054,599616524173749960,-925,43,406
0.090000,1775556859.208054,599616524173749960,-925,44,409
0.095000,1775556859.208054,599616524173749960,-921,44,402
0.100000,1775556859.208054,599616524173749960,-924,44,398
0.105000,1775556859.208054,599616524173749960,-923,42,399
0.110000,1775556859.208054,599616524173749960,-921,43,401
0.115000,1775556859.208054,599616524173749960,-919,44,405
0.120000,1775556859.208054,599616524173749960,-920,45,401
0.125000,1775556859.208054,599616524173749960,-920,46,408
0.130000,1775556859.208054,599616524173749960,-920,47,408
0.135000,1775556859.208054,599616524173749960,-921,50,411
0.140000,1775556859.208054,599616524173749960,-923,48,406
0.145000,1775556859.208054,599616524173749960,-922,47,406
0.150000,1775556859.208054,599616524173749960,-921,47,412
0.155000,1775556859.208054,599616524173749960,-921,50,409
0.160000,1775556859.208054,599616524173749960,-922,47,411
0.165000,1775556859.208054,599616524173749960,-921,48,408
0.170000,1775556859.208054,599616524173749960,-923,48,411
0.175000,1775556859.208054,599616524173749960,-922,46,407
0.176180,1775556859.387878,599616524349930384,-919,50,405
0.181180,1775556859.387878,599616524349930384,-926,48,406
0.186180,1775556859.387878,599616524349930384,-925,44,407
0.191180,1775556859.387878,599616524349930384,-923,45,408
0.196180,1775556859.387878,599616524349930384,-923,45,408
0.201180,1775556859.387878,599616524349930384,-924,47,407
0.206180,1775556859.387878,599616524349930384,-924,47,410
0.211180,1775556859.387878,599616524349930384,-924,44,411
0.216180,1775556859.387878,599616524349930384,-921,45,412
0.221180,1775556859.387878,599616524349930384,-922,50,412
0.226180,1775556859.387878,599616524349930384,-923,50,400
0.231180,1775556859.387878,599616524349930384,-923,50,406
0.236180,1775556859.387878,599616524349930384,-922,48,406
0.241180,1775556859.387878,599616524349930384,-923,47,405
0.246180,1775556859.387878,599616524349930384,-923,49,401
0.251180,1775556859.387878,599616524349930384,-923,46,398
0.256180,1775556859.387878,599616524349930384,-923,51,398
0.261180,1775556859.387878,599616524349930384,-923,48,397
0.266180,1775556859.387878,599616524349930384,-922,47,400
0.271180,1775556859.387878,599616524349930384,-922,45,401
0.276180,1775556859.387878,599616524349930384,-923,45,408
0.281180,1775556859.387878,599616524349930384,-922,45,407
0.286180,1775556859.387878,599616524349930384,-924,45,403
0.291180,1775556859.387878,599616524349930384,-923,44,402
0.296180,1775556859.387878,599616524349930384,-924,47,403
0.301180,1775556859.387878,599616524349930384,-922,47,407
0.306180,1775556859.387878,599616524349930384,-923,46,407
0.311180,1775556859.387878,599616524349930384,-922,44,398
0.316180,1775556859.387878,599616524349930384,-923,47,398
0.321180,1775556859.387878,599616524349930384,-922,45,393
0.326180,1775556859.387878,599616524349930384,-923,45,399
0.331180,1775556859.387878,599616524349930384,-924,45,400
0.336180,1775556859.387878,599616524349930384,-923,46,403
0.341180,1775556859.387878,599616524349930384,-923,48,398
0.346180,1775556859.387878,599616524349930384,-924,44,398
0.351180,1775556859.387878,599616524349930384,-926,46,396
0.352300,1775556859.611028,599616524526049742,-928,45,401
0.357300,1775556859.611028,599616524526049742,-926,43,406
0.362300,1775556859.611028,599616524526049742,-927,45,404
0.367300,1775556859.611028,599616524526049742,-926,44,406
0.372300,1775556859.611028,599616524526049742,-928,42,411
0.377300,1775556859.611028,599616524526049742,-925,44,411
0.382300,1775556859.611028,599616524526049742,-924,47,405
0.387300,1775556859.611028,599616524526049742,-926,44,406
0.392300,1775556859.611028,599616524526049742,-924,48,406
0.397300,1775556859.611028,599616524526049742,-924,43,402
0.402300,1775556859.611028,599616524526049742,-923,42,387
0.407300,1775556859.611028,599616524526049742,-920,41,399
0.412300,1775556859.611028,599616524526049742,-922,47,404
0.417300,1775556859.611028,599616524526049742,-921,44,412
0.422300,1775556859.611028,599616524526049742,-918,42,414
0.427300,1775556859.611028,599616524526049742,-920,46,416
0.432300,1775556859.611028,599616524526049742,-920,47,415
0.437300,1775556859.611028,599616524526049742,-923,46,411
0.442300,1775556859.611028,599616524526049742,-924,46,412
0.447300,1775556859.611028,599616524526049742,-923,45,411
0.452300,1775556859.611028,599616524526049742,-927,50,411
0.457300,1775556859.611028,599616524526049742,-927,45,410
0.462300,1775556859.611028,599616524526049742,-927,48,414
0.467300,1775556859.611028,599616524526049742,-928,50,411
0.472300,1775556859.611028,599616524526049742,-928,52,406
0.477300,1775556859.611028,599616524526049742,-925,53,400
0.482300,1775556859.611028,599616524526049742,-925,49,406
0.487300,1775556859.611028,599616524526049742,-926,53,400
0.492300,1775556859.611028,599616524526049742,-926,51,405
0.497300,1775556859.611028,599616524526049742,-925,52,398
0.502300,1775556859.611028,599616524526049742,-922,50,405
0.507300,1775556859.611028,599616524526049742,-922,47,403
0.512300,1775556859.611028,599616524526049742,-922,46,405
0.517300,1775556859.611028,599616524526049742,-922,44,408
0.522300,1775556859.611028,599616524526049742,-921,48,403
0.527300,1775556859.611028,599616524526049742,-924,49,406
0.528450,1775556859.746239,599616524702199648,-928,50,411
0.533450,1775556859.746239,599616524702199648,-926,45,407
0.538450,1775556859.746239,599616524702199648,-928,46,415
0.543450,1775556859.746239,599616524702199648,-923,44,419
0.548450,1775556859.746239,599616524702199648,-923,48,411
0.553450,1775556859.746239,599616524702199648,-925,46,407
0.558450,1775556859.746239,599616524702199648,-925,46,413
0.563450,1775556859.746239,599616524702199648,-921,40,408
0.568450,1775556859.746239,599616524702199648,-921,42,395
0.573450,1775556859.746239,599616524702199648,-923,51,389
0.578450,1775556859.746239,599616524702199648,-922,51,391
0.583450,1775556859.746239,599616524702199648,-920,50,394
0.588450,1775556859.746239,599616524702199648,-922,52,389
0.593450,1775556859.746239,599616524702199648,-921,52,398
0.598450,1775556859.746239,599616524702199648,-923,46,403
0.603450,1775556859.746239,599616524702199648,-923,45,401
0.608450,1775556859.746239,599616524702199648,-924,47,402
0.613450,1775556859.746239,599616524702199648,-922,48,404
0.618450,1775556859.746239,599616524702199648,-924,49,393
0.623450,1775556859.746239,599616524702199648,-924,47,397
0.628450,1775556859.746239,599616524702199648,-924,49,396
0.633450,1775556859.746239,599616524702199648,-930,47,396
0.638450,1775556859.746239,599616524702199648,-924,45,402
0.643450,1775556859.746239,599616524702199648,-922,44,394
0.648450,1775556859.746239,599616524702199648,-924,41,383
0.653450,1775556859.746239,599616524702199648,-926,46,385
0.658450,1775556859.746239,599616524702199648,-925,44,380
0.663450,1775556859.746239,599616524702199648,-926,44,396
0.668450,1775556859.746239,599616524702199648,-923,46,411
0.673450,1775556859.746239,599616524702199648,-923,49,415
0.678450,1775556859.746239,599616524702199648,-928,51,413
0.683450,1775556859.746239,599616524702199648,-928,51,414
0.688450,1775556859.746239,599616524702199648,-923,49,412
0.693450,1775556859.746239,599616524702199648,-924,48,406
0.698450,1775556859.746239,599616524702199648,-924,48,406
0.703450,1775556859.746239,599616524702199648,-926,51,408
0.704569,1775556859.928206,599616524878319016,-926,48,404
0.709569,1775556859.928206,599616524878319016,-923,47,408
0.714569,1775556859.928206,599616524878319016,-919,43,413
0.719569,1775556859.928206,599616524878319016,-921,49,415
0.724569,1775556859.928206,599616524878319016,-924,47,417
0.729569,1775556859.928206,599616524878319016,-922,47,418
0.734569,1775556859.928206,599616524878319016,-920,44,419
0.739569,1775556859.928206,599616524878319016,-922,46,423
0.744569,1775556859.928206,599616524878319016,-922,46,424
0.749569,1775556859.928206,599616524878319016,-924,50,424
0.754569,1775556859.928206,599616524878319016,-923,52,425
0.759569,1775556859.928206,599616524878319016,-926,56,421
0.764569,1775556859.928206,599616524878319016,-932,55,418
0.769569,1775556859.928206,599616524878319016,-929,57,419
0.774569,1775556859.928206,599616524878319016,-931,57,416
0.779569,1775556859.928206,599616524878319016,-929,55,415
0.784569,1775556859.928206,599616524878319016,-928,56,416
0.789569,1775556859.928206,599616524878319016,-930,54,413
0.794569,1775556859.928206,599616524878319016,-928,55,415
0.799569,1775556859.928206,599616524878319016,-927,54,414
0.804569,1775556859.928206,599616524878319016,-928,53,422
0.809569,1775556859.928206,599616524878319016,-927,51,425
0.814569,1775556859.928206,599616524878319016,-922,52,434
0.819569,1775556859.928206,599616524878319016,-921,51,435
0.824569,1775556859.928206,599616524878319016,-918,51,443
0.829569,1775556859.928206,599616524878319016,-919,54,438
0.834569,1775556859.928206,599616524878319016,-914,57,437
0.839569,1775556859.928206,599616524878319016,-902,63,444
0.844569,1775556859.928206,599616524878319016,-889,58,443
0.849569,1775556859.928206,599616524878319016,-884,59,443
0.854569,1775556859.928206,599616524878319016,-886,60,434
0.859569,1775556859.928206,599616524878319016,-891,60,426
0.864569,1775556859.928206,599616524878319016,-905,56,427
0.869569,1775556859.928206,599616524878319016,-911,54,425
0.874569,1775556859.928206,599616524878319016,-912,48,425
0.879569,1775556859.928206,599616524878319016,-913,49,429
0.880719,1775556860.106701,599616525054468922,-915,46,436
0.885719,1775556860.106701,599616525054468922,-920,48,431
0.890719,1775556860.106701,599616525054468922,-921,49,433
0.895719,1775556860.106701,599616525054468922,-922,54,436
0.900719,1775556860.106701,599616525054468922,-922,53,439
0.905719,1775556860.106701,599616525054468922,-921,51,436
0.910719,1775556860.106701,599616525054468922,-919,45,443
0.915719,1775556860.106701,599616525054468922,-915,48,441
0.920719,1775556860.106701,599616525054468922,-914,48,447
0.925719,1775556860.106701,599616525054468922,-915,45,447
0.930719,1775556860.106701,599616525054468922,-914,41,443
0.935719,1775556860.106701,599616525054468922,-910,36,439
0.940719,1775556860.106701,599616525054468922,-887,35,436
0.945719,1775556860.106701,599616525054468922,-867,31,431
0.950719,1775556860.106701,599616525054468922,-861,22,435
0.955719,1775556860.106701,599616525054468922,-854,16,431
0.960719,1775556860.106701,599616525054468922,-843,6,436
0.965719,1775556860.106701,599616525054468922,-840,-1,439
0.970719,1775556860.106701,599616525054468922,-829,-5,449
0.975719,1775556860.106701,599616525054468922,-825,-11,460
0.980719,1775556860.106701,599616525054468922,-831,-11,469
0.985719,1775556860.106701,599616525054468922,-832,-9,478
0.990719,1775556860.106701,599616525054468922,-838,0,483
0.995719,1775556860.106701,599616525054468922,-838,4,489
1.000719,1775556860.106701,599616525054468922,-843,8,491
1.005719,1775556860.106701,599616525054468922,-850,12,496
1.010719,1775556860.106701,599616525054468922,-862,26,494
1.015719,1775556860.106701,599616525054468922,-875,37,495
1.020719,1775556860.106701,599616525054468922,-894,49,493
1.025719,1775556860.106701,599616525054468922,-907,59,491
1.030719,1775556860.106701,599616525054468922,-913,64,487
1.035719,1775556860.106701,599616525054468922,-919,78,474
1.040719,1775556860.106701,599616525054468922,-923,85,459
1.045719,1775556860.106701,599616525054468922,-928,94,453
1.050719,1775556860.106701,599616525054468922,-933,97,444
1.055719,1775556860.106701,599616525054468922,-933,98,437
1.056838,1775556860.286714,599616525230588290,-940,93,436
1.061838,1775556860.286714,599616525230588290,-936,83,432
1.066838,1775556860.286714,599616525230588290,-936,83,431
1.071838,1775556860.286714,599616525230588290,-935,75,428
1.076838,1775556860.286714,599616525230588290,-938,68,423
1.081838,1775556860.286714,599616525230588290,-943,69,422
1.086838,1775556860.286714,599616525230588290,-958,72,415
1.091838,1775556860.286714,599616525230588290,-964,78,410
1.096838,1775556860.286714,599616525230588290,-967,77,399
1.101838,1775556860.286714,599616525230588290,-965,77,386
1.106838,1775556860.286714,599616525230588290,-965,77,377
1.111838,1775556860.286714,599616525230588290,-961,70,372
1.116838,1775556860.286714,599616525230588290,-948,67,368
1.121838,1775556860.286714,599616525230588290,-941,57,367
1.126838,1775556860.286714,599616525230588290,-931,48,372
1.131838,1775556860.286714,599616525230588290,-931,39,368
1.136838,1775556860.286714,599616525230588290,-927,28,372
1.141838,1775556860.286714,599616525230588290,-924,26,371
1.146838,1775556860.286714,599616525230588290,-921,22,382
1.151838,1775556860.286714,599616525230588290,-923,17,392
1.156838,1775556860.286714,599616525230588290,-922,14,401
1.161838,1775556860.286714,599616525230588290,-921,13,407
1.166838,1775556860.286714,599616525230588290,-923,12,405
1.171838,1775556860.286714,599616525230588290,-926,6,406
1.176838,1775556860.286714,599616525230588290,-927,5,401
1.181838,1775556860.286714,599616525230588290,-928,5,397
1.186838,1775556860.286714,599616525230588290,-926,3,385
1.191838,1775556860.286714,599616525230588290,-929,2,382
1.196838,1775556860.286714,599616525230588290,-926,-3,387
1.201838,1775556860.286714,599616525230588290,-921,-5,382
1.206838,1775556860.286714,599616525230588290,-921,-4,394
1.211838,1775556860.286714,599616525230588290,-921,-5,407
1.216838,1775556860.286714,599616525230588290,-1503,1118,-659
1.221838,1775556860.286714,599616525230588290,1028,-2217,-108
1.226838,1775556860.286714,599616525230588290,-1314,-1898,2940
1.231838,1775556860.286714,599616525230588290,-252,-915,1920
1.232897,1775556860.467674,599616525406646648,1062,-438,3579
1.237897,1775556860.467674,599616525406646648,-118,-259,4428
1.242897,1775556860.467674,599616525406646648,-1106,68,4650
1.247897,1775556860.467674,599616525406646648,-780,649,4151
1.252897,1775556860.467674,599616525406646648,69,319,1504
1.257897,1775556860.467674,599616525406646648,-676,125,-662
1.262897,1775556860.467674,599616525406646648,-1406,-72,-1588
1.267897,1775556860.467674,599616525406646648,-1592,-90,-1865
1.272897,1775556860.467674,599616525406646648,-1541,2,-1632
1.277897,1775556860.467674,599616525406646648,-1312,53,-898
1.282897,1775556860.467674,599616525406646648,-967,98,-235
1.287897,1775556860.467674,599616525406646648,-684,126,243
1.292897,1775556860.467674,599616525406646648,-495,134,657
1.297897,1775556860.467674,599616525406646648,-431,128,869
1.302896,1775556860.467674,599616525406646648,-536,159,864
1.307896,1775556860.467674,599616525406646648,-756,193,776
1.312896,1775556860.467674,599616525406646648,-985,205,682
1.317896,1775556860.467674,599616525406646648,-1121,209,620
1.322896,1775556860.467674,599616525406646648,-1138,205,586
1.327896,1775556860.467674,599616525406646648,-1055,200,577
1.332896,1775556860.467674,599616525406646648,-957,191,568
1.337896,1775556860.467674,599616525406646648,-853,171,566
1.342896,1775556860.467674,599616525406646648,-787,132,541
1.347897,1775556860.467674,599616525406646648,-756,96,515
1.352897,1775556860.467674,599616525406646648,-765,46,482
1.357897,1775556860.467674,599616525406646648,-792,10,445
1.362897,1775556860.467674,599616525406646648,-837,-16,419
1.367897,1775556860.467674,599616525406646648,-891,-32,385
1.372897,1775556860.467674,599616525406646648,-921,-35,353
1.377897,1775556860.467674,599616525406646648,-797,43,1214
1.382897,1775556860.467674,599616525406646648,45,1076,-962
1.387897,1775556860.467674,599616525406646648,-329,-589,-6285
1.392897,1775556860.467674,599616525406646648,-1669,-1242,3757
1.397897,1775556860.467674,599616525406646648,-649,-434,4644
1.402897,1775556860.467674,599616525406646648,-706,-76,3562
1.407897,1775556860.467674,599616525406646648,-1119,295,4281
1.409016,1775556860.601837,599616525582766010,-631,240,3125
1.414016,1775556860.601837,599616525582766010,-417,183,1747
1.419016,1775556860.601837,599616525582766010,-589,130,339
1.424016,1775556860.601837,599616525582766010,-836,89,-550
1.429016,1775556860.601837,599616525582766010,-1159,95,-744
1.434016,1775556860.601837,599616525582766010,-1184,142,-414
1.439016,1775556860.601837,599616525582766010,-996,35,-237
1.444016,1775556860.601837,599616525582766010,-803,-46,-238
1.449016,1775556860.601837,599616525582766010,-673,-91,-198
1.454016,1775556860.601837,599616525582766010,-650,-88,-11
1.459016,1775556860.601837,599616525582766010,-656,-47,298
1.464016,1775556860.601837,599616525582766010,-694,-31,607
1.469016,1775556860.601837,599616525582766010,-789,-12,796
1.474016,1775556860.601837,599616525582766010,-904,-9,820
1.479016,1775556860.601837,599616525582766010,-1014,5,758
1.484016,1775556860.601837,599616525582766010,-1089,38,652
1.489016,1775556860.601837,599616525582766010,-1128,91,569
1.494016,1775556860.601837,599616525582766010,-1107,121,511
1.499016,1775556860.601837,599616525582766010,-1051,163,490
1.504016,1775556860.601837,599616525582766010,-1000,194,502
1.509016,1775556860.601837,599616525582766010,-943,209,529
1.514016,1775556860.601837,599616525582766010,-927,214,519
1.519016,1775556860.601837,599616525582766010,-1162,1329,-5266
1.524016,1775556860.601837,599616525582766010,-1527,-1447,-2552
1.529016,1775556860.601837,599616525582766010,-175,-280,4751
1.534016,1775556860.601837,599616525582766010,-842,-143,3156
1.539016,1775556860.601837,599616525582766010,-792,-213,2712
1.544016,1775556860.601837,599616525582766010,-533,-104,2216
1.549016,1775556860.601837,599616525582766010,-523,28,1968
1.554016,1775556860.601837,599616525582766010,-782,72,1882
1.559016,1775556860.601837,599616525582766010,-993,76,1866
1.564016,1775556860.601837,599616525582766010,-1027,66,1813
1.569016,1775556860.601837,599616525582766010,-836,152,1659
1.574016,1775556860.601837,599616525582766010,-660,161,999
1.579016,1775556860.601837,599616525582766010,-551,173,124
1.584016,1775556860.601837,599616525582766010,-784,180,-1107
1.585135,1775556860.782965,599616525758885388,-976,-9,-1067
1.590135,1775556860.782965,599616525758885388,-969,-163,-789
1.595135,1775556860.782965,599616525758885388,-971,-221,-735
1.600135,1775556860.782965,599616525758885388,-971,-202,-486
1.605135,1775556860.782965,599616525758885388,-930,-126,-80
1.610135,1775556860.782965,599616525758885388,-864,-53,246
1.615135,1775556860.782965,599616525758885388,-803,2,435
1.620135,1775556860.782965,599616525758885388,-774,45,521
1.625135,1775556860.782965,599616525758885388,-767,71,582
1.630135,1775556860.782965,599616525758885388,-776,87,645
1.635135,1775556860.782965,599616525758885388,-805,113,673
1.640135,1775556860.782965,599616525758885388,-849,131,669
1.645135,1775556860.782965,599616525758885388,-904,162,641
1.650135,1775556860.782965,599616525758885388,-935,185,604
1.655135,1775556860.782965,599616525758885388,-976,190,572
1.660135,1775556860.782965,599616525758885388,-2152,879,-2905
1.665135,1775556860.782965,599616525758885388,-107,-1240,-2928
1.670135,1775556860.782965,599616525758885388,-716,-566,3103
1.675135,1775556860.782965,599616525758885388,-410,62,3262
1.680135,1775556860.782965,599616525758885388,-838,3,2658
1.685135,1775556860.782965,599616525758885388,-229,120,2342
1.690135,1775556860.782965,599616525758885388,-258,274,2625
1.695135,1775556860.782965,599616525758885388,-544,211,2567
1.700135,1775556860.782965,599616525758885388,-774,111,2174
1.705135,1775556860.782965,599616525758885388,-963,102,1858
1.710135,1775556860.782965,599616525758885388,-1073,73,1722
1.715135,1775556860.782965,599616525758885388,-1185,-30,1649
1.720135,1775556860.782965,599616525758885388,-1293,-149,1634
1.725135,1775556860.782965,599616525758885388,-1335,-235,1578
1.730135,1775556860.782965,599616525758885388,-1251,-320,1296
1.735135,1775556860.782965,599616525758885388,-1048,-345,1014
1.740135,1775556860.782965,599616525758885388,-816,-339,645
1.745135,1775556860.782965,599616525758885388,-673,-145,149
1.750135,1775556860.782965,599616525758885388,-825,-78,-773
1.755135,1775556860.782965,599616525758885388,-904,-89,-1402
1.760135,1775556860.782965,599616525758885388,-916,-140,-1297
1.761224,1775556860.961922,599616525934974274,-843,-110,-974
1.766224,1775556860.961922,599616525934974274,-752,-24,-533
1.771224,1775556860.961922,599616525934974274,-676,60,-98
1.776224,1775556860.961922,599616525934974274,-648,125,218
1.781224,1775556860.961922,599616525934974274,-637,177,440
1.786224,1775556860.961922,599616525934974274,-638,209,578
1.791224,1775556860.961922,599616525934974274,-649,227,683
1.796224,1775556860.961922,599616525934974274,-700,223,741
1.801224,1775556860.961922,599616525934974274,-769,213,745
1.806224,1775556860.961922,599616525934974274,-838,202,712
1.811224,1775556860.961922,599616525934974274,-913,184,666
1.816224,1775556860.961922,599616525934974274,-963,156,625
1.821224,1775556860.961922,599616525934974274,-998,129,581
1.826224,1775556860.961922,599616525934974274,-1028,120,371
1.831224,1775556860.961922,599616525934974274,1709,246,-4936
1.836224,1775556860.961922,599616525934974274,-1962,-1066,531
1.841224,1775556860.961922,599616525934974274,-1801,585,1362
1.846224,1775556860.961922,599616525934974274,-1611,199,1892
1.851224,1775556860.961922,599616525934974274,-1297,121,1382
1.856224,1775556860.961922,599616525934974274,-1168,201,1714
1.861224,1775556860.961922,599616525934974274,-1671,-134,2164
1.866224,1775556860.961922,599616525934974274,-1294,-240,2231
1.871224,1775556860.961922,599616525934974274,-1084,-278,1901
1.876224,1775556860.961922,599616525934974274,-766,-280,2167
1.881224,1775556860.961922,599616525934974274,-1229,-70,1031
1.886224,1775556860.961922,599616525934974274,-1375,-120,625
1.891224,1775556860.961922,599616525934974274,-1554,-107,249
1.896224,1775556860.961922,599616525934974274,-1288,-75,158
1.901224,1775556860.961922,599616525934974274,-1284,-91,42
1.906224,1775556860.961922,599616525934974274,-1228,-108,69
1.911224,1775556860.961922,599616525934974274,-1187,-112,76
1.916224,1775556860.961922,599616525934974274,-1148,-154,-32
1.921224,1775556860.961922,599616525934974274,-1122,-129,-115
1.926224,1775556860.961922,599616525934974274,-1098,-184,-102
1.931224,1775556860.961922,599616525934974274,-1087,-49,13
1.936224,1775556860.961922,599616525934974274,-684,-1,521
1.937405,1775556861.142682,599616526111154682,-355,-36,510
1.942405,1775556861.142682,599616526111154682,-295,-38,-116
1.947405,1775556861.142682,599616526111154682,-482,8,-264
1.952405,1775556861.142682,599616526111154682,-691,78,-193
1.957405,1775556861.142682,599616526111154682,-831,172,-28
1.962405,1775556861.142682,599616526111154682,-908,210,159
1.967405,1775556861.142682,599616526111154682,-920,239,343
1.972405,1775556861.142682,599616526111154682,-896,243,509
1.977405,1775556861.142682,599616526111154682,-860,234,597
1.982405,1775556861.142682,599616526111154682,-866,229,655
1.987405,1775556861.142682,599616526111154682,-907,204,675
1.992405,1775556861.142682,599616526111154682,-951,176,677
1.997405,1775556861.142682,599616526111154682,-1003,134,670
2.002405,1775556861.142682,599616526111154682,-1031,107,649
2.007405,1775556861.142682,599616526111154682,-1031,68,625
2.012405,1775556861.142682,599616526111154682,-1008,47,613
2.017405,1775556861.142682,599616526111154682,-954,32,588
2.022405,1775556861.142682,599616526111154682,-912,12,540
2.027405,1775556861.142682,599616526111154682,-873,-1,490
2.032405,1775556861.142682,599616526111154682,-837,-18,424
2.037405,1775556861.142682,599616526111154682,-816,-25,343
2.042405,1775556861.142682,599616526111154682,-800,-26,285
2.047405,1775556861.142682,599616526111154682,-783,-21,268
2.052405,1775556861.142682,599616526111154682,-738,-24,273
2.057405,1775556861.142682,599616526111154682,-678,-26,280
2.062405,1775556861.142682,599616526111154682,-648,-25,280
2.067405,1775556861.142682,599616526111154682,-645,-7,271
2.072405,1775556861.142682,599616526111154682,-651,6,277
2.077405,1775556861.142682,599616526111154682,-664,13,290
2.082405,1775556861.142682,599616526111154682,-698,15,307
2.087405,1775556861.142682,599616526111154682,-734,16,327
2.092405,1775556861.142682,599616526111154682,-767,21,362
2.097405,1775556861.142682,599616526111154682,-791,25,399
2.102405,1775556861.142682,599616526111154682,-811,48,427
2.107405,1775556861.142682,599616526111154682,-824,70,466
2.112405,1775556861.142682,599616526111154682,-827,97,506
2.113585,1775556861.321612,599616526287335096,-825,115,533
2.118585,1775556861.321612,599616526287335096,-825,134,552
2.123585,1775556861.321612,599616526287335096,-828,167,583
2.128585,1775556861.321612,599616526287335096,-818,202,627
2.133585,1775556861.321612,599616526287335096,-812,236,651
2.138585,1775556861.321612,599616526287335096,-812,270,667
2.143585,1775556861.321612,599616526287335096,-807,311,680
2.148585,1775556861.321612,599616526287335096,-813,349,706
2.153585,1775556861.321612,599616526287335096,-809,380,740
2.158585,1775556861.321612,599616526287335096,-811,406,769
2.163585,1775556861.321612,599616526287335096,-823,444,800
2.168585,1775556861.321612,599616526287335096,-835,470,821
2.173585,1775556861.321612,599616526287335096,-856,487,854
2.178585,1775556861.321612,599616526287335096,-885,497,885
2.183585,1775556861.321612,599616526287335096,-907,503,919
2.188585,1775556861.321612,599616526287335096,-917,501,921
2.193585,1775556861.321612,599616526287335096,-933,496,900
2.198585,1775556861.321612,599616526287335096,-968,489,841
2.203585,1775556861.321612,599616526287335096,-991,455,753
2.208585,1775556861.321612,599616526287335096,-1012,410,635
2.213585,1775556861.321612,599616526287335096,-1022,372,538
2.218585,1775556861.321612,599616526287335096,-1021,307,476
2.223585,1775556861.321612,599616526287335096,-1020,251,430
2.228585,1775556861.321612,599616526287335096,-1019,174,394
2.233585,1775556861.321612,599616526287335096,-1012,69,366
2.238585,1775556861.321612,599616526287335096,-1023,-32,352
2.243585,1775556861.321612,599616526287335096,-1040,-149,348
2.248585,1775556861.321612,599616526287335096,-1072,-252,379
2.253585,1775556861.321612,599616526287335096,-1090,-355,430
2.258585,1775556861.321612,599616526287335096,-1120,-436,493
2.263585,1775556861.321612,599616526287335096,-1160,-488,541
2.268585,1775556861.321612,599616526287335096,-1240,-491,579
2.273585,1775556861.321612,599616526287335096,-1312,-468,592
2.278585,1775556861.321612,599616526287335096,-1396,-433,567
2.283585,1775556861.321612,599616526287335096,-1424,-410,530
2.288585,1775556861.321612,599616526287335096,-1432,-379,479
2.289735,1775556861.502666,599616526463484982,-1407,-344,421
2.294735,1775556861.502666,599616526463484982,-1351,-315,368
2.299735,1775556861.502666,599616526463484982,-1280,-301,300
2.304735,1775556861.502666,599616526463484982,-1195,-293,255
2.309735,1775556861.502666,599616526463484982,-1097,-286,209
2.314735,1775556861.502666,599616526463484982,-1005,-267,182
2.319735,1775556861.502666,599616526463484982,-909,-248,180
2.324735,1775556861.502666,599616526463484982,-823,-237,206
2.329735,1775556861.502666,599616526463484982,-764,-226,238
2.334735,1775556861.502666,599616526463484982,-708,-200,267
2.339735,1775556861.502666,599616526463484982,-667,-181,285
2.344735,1775556861.502666,599616526463484982,-652,-177,295
2.349735,1775556861.502666,599616526463484982,-649,-180,327
2.354735,1775556861.502666,599616526463484982,-645,-197,364
2.359735,1775556861.502666,599616526463484982,-639,-214,388
2.364735,1775556861.502666,599616526463484982,-635,-228,387
2.369735,1775556861.502666,599616526463484982,-626,-238,356
2.374735,1775556861.502666,599616526463484982,-631,-245,309
2.379735,1775556861.502666,599616526463484982,-629,-253,261
2.384735,1775556861.502666,599616526463484982,-641,-272,195
2.389735,1775556861.502666,599616526463484982,-641,-293,125
2.394735,1775556861.502666,599616526463484982,-624,-304,56
2.399735,1775556861.502666,599616526463484982,-586,-306,22
2.404735,1775556861.502666,599616526463484982,-551,-301,-11
2.409735,1775556861.502666,599616526463484982,-534,-290,-67
2.414735,1775556861.502666,599616526463484982,-526,-269,-102
2.419735,1775556861.502666,599616526463484982,-515,-282,-95
2.424735,1775556861.502666,599616526463484982,-483,-288,-68
2.429735,1775556861.502666,599616526463484982,-458,-295,-7
2.434735,1775556861.502666,599616526463484982,-462,-295,49
2.439735,1775556861.502666,599616526463484982,-472,-321,133
2.444735,1775556861.502666,599616526463484982,-474,-333,234
2.449735,1775556861.502666,599616526463484982,-519,-321,295
2.454735,1775556861.502666,599616526463484982,-575,-289,295
2.459735,1775556861.502666,599616526463484982,-652,-250,320
2.464735,1775556861.502666,599616526463484982,-761,-220,358
2.465885,1775556861.727128,599616526639634878,-890,-147,408
2.470885,1775556861.727128,599616526639634878,-1031,-64,426
2.475885,1775556861.727128,599616526639634878,-1201,34,428
2.480885,1775556861.727128,599616526639634878,-1416,155,398
2.485885,1775556861.727128,599616526639634878,-1638,307,321
2.490885,1775556861.727128,599616526639634878,-1870,491,251
2.495885,1775556861.727128,599616526639634878,-2155,696,183
2.500885,1775556861.727128,599616526639634878,-2439,828,51
2.505885,1775556861.727128,599616526639634878,-2595,893,-90
2.510885,1775556861.727128,599616526639634878,-2571,912,-89
2.515885,1775556861.727128,599616526639634878,-2382,873,13
2.520885,1775556861.727128,599616526639634878,-2088,785,181
2.525885,1775556861.727128,599616526639634878,-1772,719,343
2.530885,1775556861.727128,599616526639634878,-1517,654,473
2.535885,1775556861.727128,599616526639634878,-1330,628,520
2.540885,1775556861.727128,599616526639634878,-1218,616,528
2.545885,1775556861.727128,599616526639634878,-1138,607,511
2.550885,1775556861.727128,599616526639634878,-1066,595,462
2.555885,1775556861.727128,599616526639634878,-996,573,423
2.560885,1775556861.727128,599616526639634878,-921,554,377
2.565885,1775556861.727128,599616526639634878,-853,508,330
2.570885,1775556861.727128,599616526639634878,-790,469,288
2.575885,1775556861.727128,599616526639634878,-769,407,250
2.580885,1775556861.727128,599616526639634878,-734,328,197
2.585885,1775556861.727128,599616526639634878,-713,255,145
2.590885,1775556861.727128,599616526639634878,-689,238,108
2.595885,1775556861.727128,599616526639634878,-675,234,92
2.600885,1775556861.727128,599616526639634878,-658,224,89
2.605885,1775556861.727128,599616526639634878,-651,223,87
2.610885,1775556861.727128,599616526639634878,-649,203,84
2.615885,1775556861.727128,599616526639634878,-647,201,100
2.620885,1775556861.727128,599616526639634878,-647,199,98
2.625885,1775556861.727128,599616526639634878,-647,209,83
2.630885,1775556861.727128,599616526639634878,-642,224,61
2.635885,1775556861.727128,599616526639634878,-613,245,60
2.640885,1775556861.727128,599616526639634878,-564,276,50
2.642004,1775556861.862267,599616526815754246,-532,303,58
2.647004,1775556861.862267,599616526815754246,-503,324,39
2.652004,1775556861.862267,599616526815754246,-473,332,3
2.657004,1775556861.862267,599616526815754246,-448,335,-17
2.662004,1775556861.862267,599616526815754246,-429,353,15
2.667004,1775556861.862267,599616526815754246,-423,377,40
2.672004,1775556861.862267,599616526815754246,-421,394,78
2.677004,1775556861.862267,599616526815754246,-420,421,120
2.682004,1775556861.862267,599616526815754246,-437,445,160
2.687004,1775556861.862267,599616526815754246,-486,479,220
2.692004,1775556861.862267,599616526815754246,-541,498,297
2.697004,1775556861.862267,599616526815754246,-611,544,337
2.702004,1775556861.862267,599616526815754246,-684,605,331
2.707004,1775556861.862267,599616526815754246,-765,673,333
2.712004,1775556861.862267,599616526815754246,-822,722,382
2.717004,1775556861.862267,599616526815754246,-907,766,425
2.722004,1775556861.862267,599616526815754246,-998,788,437
2.727004,1775556861.862267,599616526815754246,-1067,820,450
2.732004,1775556861.862267,599616526815754246,-1143,807,474
2.737004,1775556861.862267,599616526815754246,-1192,754,508
2.742004,1775556861.862267,599616526815754246,-1255,678,498
2.747004,1775556861.862267,599616526815754246,-1315,570,497
2.752004,1775556861.862267,599616526815754246,-1419,456,475
2.757004,1775556861.862267,599616526815754246,-1557,324,412
2.762004,1775556861.862267,599616526815754246,-1726,209,315
2.767004,1775556861.862267,599616526815754246,-1835,111,221
2.772004,1775556861.862267,599616526815754246,-1880,26,159
2.777004,1775556861.862267,599616526815754246,-1879,-37,149
2.782004,1775556861.862267,599616526815754246,-1836,-54,170
2.787004,1775556861.862267,599616526815754246,-1801,-49,185
2.792004,1775556861.862267,599616526815754246,-1744,-3,181
2.797004,1775556861.862267,599616526815754246,-1657,43,191
2.802004,1775556861.862267,599616526815754246,-1558,90,204
2.807004,1775556861.862267,599616526815754246,-1438,130,216
2.812004,1775556861.862267,599616526815754246,-1298,180,231
2.817004,1775556861.862267,599616526815754246,-1167,206,260
2.818154,1775556862.040804,599616526991904152,-1051,214,260
2.823154,1775556862.040804,599616526991904152,-946,212,261
2.828154,1775556862.040804,599616526991904152,-839,205,287
2.833154,1775556862.040804,599616526991904152,-773,187,292
2.838154,1775556862.040804,599616526991904152,-724,164,287
2.843154,1775556862.040804,599616526991904152,-696,134,255
2.848154,1775556862.040804,599616526991904152,-704,111,195
2.853154,1775556862.040804,599616526991904152,-709,71,133
2.858154,1775556862.040804,599616526991904152,-722,20,73
2.863154,1775556862.040804,599616526991904152,-728,-39,37
2.868154,1775556862.040804,599616526991904152,-735,-99,18
2.873154,1775556862.040804,599616526991904152,-747,-148,10
2.878154,1775556862.040804,599616526991904152,-772,-185,18
2.883154,1775556862.040804,599616526991904152,-788,-209,29
2.888154,1775556862.040804,599616526991904152,-798,-225,19
2.893154,1775556862.040804,599616526991904152,-806,-234,-9
2.898154,1775556862.040804,599616526991904152,-812,-247,-36
2.903154,1775556862.040804,599616526991904152,-811,-289,-64
2.908154,1775556862.040804,599616526991904152,-814,-331,-85
2.913154,1775556862.040804,599616526991904152,-795,-372,-108
2.918154,1775556862.040804,599616526991904152,-764,-382,-96
2.923154,1775556862.040804,599616526991904152,-720,-392,-61
2.928154,1775556862.040804,599616526991904152,-646,-410,-22
2.933154,1775556862.040804,599616526991904152,-577,-437,42
2.938154,1775556862.040804,599616526991904152,-528,-443,141
2.943154,1775556862.040804,599616526991904152,-521,-419,227
2.948154,1775556862.040804,599616526991904152,-540,-405,277
2.953154,1775556862.040804,599616526991904152,-594,-400,308
2.958154,1775556862.040804,599616526991904152,-651,-428,323
2.963154,1775556862.040804,599616526991904152,-700,-463,338
2.968154,1775556862.040804,599616526991904152,-752,-503,388
2.973154,1775556862.040804,599616526991904152,-807,-577,448
2.978154,1775556862.040804,599616526991904152,-893,-658,506
2.983154,1775556862.040804,599616526991904152,-1018,-749,521
2.988154,1775556862.040804,599616526991904152,-1138,-816,485
2.993154,1775556862.040804,599616526991904152,-1253,-869,410
2.994213,1775556862.221766,599616527167962500,-1368,-849,330
2.999213,1775556862.221766,599616527167962500,-1483,-800,257
3.004212,1775556862.221766,599616527167962500,-1581,-738,180
3.009212,1775556862.221766,599616527167962500,-1607,-639,172
3.014212,1775556862.221766,599616527167962500,-1641,-476,231
3.019212,1775556862.221766,599616527167962500,-1775,-281,280
3.024212,1775556862.221766,599616527167962500,-1862,-118,289
3.029212,1775556862.221766,599616527167962500,-1901,13,287
3.034212,1775556862.221766,599616527167962500,-1859,100,266
3.039212,1775556862.221766,599616527167962500,-1780,165,238
3.044212,1775556862.221766,599616527167962500,-1652,199,238
3.049212,1775556862.221766,599616527167962500,-1534,222,258
3.054212,1775556862.221766,599616527167962500,-1432,249,281
3.059212,1775556862.221766,599616527167962500,-1336,277,302
3.064212,1775556862.221766,599616527167962500,-1266,337,308
3.069212,1775556862.221766,599616527167962500,-1220,396,299
3.074212,1775556862.221766,599616527167962500,-1179,455,285
3.079212,1775556862.221766,599616527167962500,-1158,491,278
3.084212,1775556862.221766,599616527167962500,-1157,510,258
3.089212,1775556862.221766,599616527167962500,-1159,502,238
3.094212,1775556862.221766,599616527167962500,-1220,489,230
3.099212,1775556862.221766,599616527167962500,-1271,484,221
3.104212,1775556862.221766,599616527167962500,-1287,459,164
3.109213,1775556862.221766,599616527167962500,-1277,428,151
3.114213,1775556862.221766,599616527167962500,-1245,376,159
3.119213,1775556862.221766,599616527167962500,-1195,323,197
3.124213,1775556862.221766,599616527167962500,-1152,285,259
3.129212,1775556862.221766,599616527167962500,-1127,267,281
3.134212,1775556862.221766,599616527167962500,-1106,254,298
3.139212,1775556862.221766,599616527167962500,-1082,256,348
3.144212,1775556862.221766,599616527167962500,-1059,256,379
3.149212,1775556862.221766,599616527167962500,-1027,283,332
3.154212,1775556862.221766,599616527167962500,-987,303,257
3.159212,1775556862.221766,599616527167962500,-920,316,147
3.164212,1775556862.221766,599616527167962500,-852,325,60
3.169212,1775556862.221766,599616527167962500,-798,327,-16
3.170271,1775556862.401688,599616527344020842,-720,324,-81
3.175271,1775556862.401688,599616527344020842,-636,327,-136
3.180271,1775556862.401688,599616527344020842,-561,331,-179
3.185271,1775556862.401688,599616527344020842,-501,337,-187
3.190271,1775556862.401688,599616527344020842,-440,340,-184
3.195271,1775556862.401688,599616527344020842,-408,350,-176
3.200271,1775556862.401688,599616527344020842,-383,358,-156
3.205271,1775556862.401688,599616527344020842,-355,349,-102
3.210271,1775556862.401688,599616527344020842,-329,342,-44
3.215271,1775556862.401688,599616527344020842,-296,343,14
3.220271,1775556862.401688,599616527344020842,-295,342,47
3.225271,1775556862.401688,599616527344020842,-323,330,69
3.230271,1775556862.401688,599616527344020842,-355,340,92
3.235271,1775556862.401688,599616527344020842,-411,328,115
3.240271,1775556862.401688,599616527344020842,-457,312,105
3.245271,1775556862.401688,599616527344020842,-499,310,131
3.250271,1775556862.401688,599616527344020842,-520,322,190
3.255271,1775556862.401688,599616527344020842,-527,359,271
3.260271,1775556862.401688,599616527344020842,-532,401,381
3.265271,1775556862.401688,599616527344020842,-546,468,522
3.270271,1775556862.401688,599616527344020842,-611,557,612
3.275271,1775556862.401688,599616527344020842,-687,678,653
3.280271,1775556862.401688,599616527344020842,-783,815,676
3.285271,1775556862.401688,599616527344020842,-889,956,677
3.290271,1775556862.401688,599616527344020842,-1005,1053,587
3.295271,1775556862.401688,599616527344020842,-1110,1126,460
3.300271,1775556862.401688,599616527344020842,-1177,1107,356
3.305271,1775556862.401688,599616527344020842,-1195,1029,302
3.310271,1775556862.401688,599616527344020842,-1204,938,269
3.315271,1775556862.401688,599616527344020842,-1236,843,256
3.320271,1775556862.401688,599616527344020842,-1284,698,281
3.325271,1775556862.401688,599616527344020842,-1377,479,355
3.330271,1775556862.401688,599616527344020842,-1529,238,422
3.335271,1775556862.401688,599616527344020842,-1736,49,441
3.340271,1775556862.401688,599616527344020842,-1968,-70,431
3.345271,1775556862.401688,599616527344020842,-2149,-158,364
3.346451,1775556862.581248,599616527520201260,-2268,-197,265
3.351451,1775556862.581248,599616527520201260,-2284,-190,177
3.356451,1775556862.581248,599616527520201260,-2199,-155,192
3.361451,1775556862.581248,599616527520201260,-2014,-118,270
3.366451,1775556862.581248,599616527520201260,-1808,-92,358
3.371451,1775556862.581248,599616527520201260,-1626,-63,452
3.376451,1775556862.581248,599616527520201260,-1498,-14,429
3.381451,1775556862.581248,599616527520201260,-1345,24,320
3.386451,1775556862.581248,599616527520201260,-1191,33,258
3.391451,1775556862.581248,599616527520201260,-1038,27,198
3.396451,1775556862.581248,599616527520201260,-849,2,150
3.401451,1775556862.581248,599616527520201260,-677,-9,48
3.406451,1775556862.581248,599616527520201260,-545,-7,-70
3.411451,1775556862.581248,599616527520201260,-349,-60,-128
3.416451,1775556862.581248,599616527520201260,-125,-183,-90
3.421451,1775556862.581248,599616527520201260,10,-334,-129
3.426451,1775556862.581248,599616527520201260,59,-469,-320
3.431451,1775556862.581248,599616527520201260,62,-521,-463
3.436451,1775556862.581248,599616527520201260,6,-509,-403
3.441451,1775556862.581248,599616527520201260,-78,-466,-259
3.446451,1775556862.581248,599616527520201260,-202,-415,-181
3.451451,1775556862.581248,599616527520201260,-317,-386,-121
3.456451,1775556862.581248,599616527520201260,-445,-366,-74
3.461451,1775556862.581248,599616527520201260,-527,-338,-13
3.466451,1775556862.581248,599616527520201260,-574,-289,59
3.471451,1775556862.581248,599616527520201260,-578,-252,126
3.476451,1775556862.581248,599616527520201260,-555,-227,178
3.481451,1775556862.581248,599616527520201260,-552,-207,185
3.486451,1775556862.581248,599616527520201260,-577,-187,162
3.491451,1775556862.581248,599616527520201260,-626,-186,129
3.496451,1775556862.581248,599616527520201260,-695,-186,107
3.501451,1775556862.581248,599616527520201260,-773,-188,87
3.506451,1775556862.581248,599616527520201260,-824,-195,88
3.511451,1775556862.581248,599616527520201260,-856,-212,96
3.516451,1775556862.581248,599616527520201260,-867,-231,106
3.521451,1775556862.581248,599616527520201260,-897,-224,164
3.522510,1775556862.717612,599616527696259598,-917,-225,246
3.527510,1775556862.717612,599616527696259598,-951,-220,290
3.532510,1775556862.717612,599616527696259598,-1011,-218,327
3.537510,1775556862.717612,599616527696259598,-1065,-212,385
3.542510,1775556862.717612,599616527696259598,-1142,-205,428
3.547510,1775556862.717612,599616527696259598,-1224,-176,450
3.552510,1775556862.717612,599616527696259598,-1306,-143,434
3.557510,1775556862.717612,599616527696259598,-1444,-104,360
3.562510,1775556862.717612,599616527696259598,-1544,-52,243
3.567510,1775556862.717612,599616527696259598,-1589,-6,149
3.572510,1775556862.717612,599616527696259598,-1688,59,193
3.577510,1775556862.717612,599616527696259598,-1823,119,421
3.582510,1775556862.717612,599616527696259598,-1882,131,621
3.587510,1775556862.717612,599616527696259598,-1842,111,690
3.592510,1775556862.717612,599616527696259598,-1811,66,777
3.597510,1775556862.717612,599616527696259598,-1791,27,864
3.602509,1775556862.717612,599616527696259598,-1782,-8,895
3.607509,1775556862.717612,599616527696259598,-1784,-51,836
3.612509,1775556862.717612,599616527696259598,-1786,-99,761
3.617509,1775556862.717612,599616527696259598,-1783,-118,655
3.622509,1775556862.717612,599616527696259598,-1761,-119,555
3.627509,1775556862.717612,599616527696259598,-1700,-114,467
3.632509,1775556862.717612,599616527696259598,-1627,-94,393
3.637510,1775556862.717612,599616527696259598,-1554,-66,318
3.642510,1775556862.717612,599616527696259598,-1488,-36,265
3.647510,1775556862.717612,599616527696259598,-1415,-22,209
3.652510,1775556862.717612,599616527696259598,-1351,-9,153
3.657510,1775556862.717612,599616527696259598,-1300,-1,114
3.662510,1775556862.717612,599616527696259598,-1266,10,76
3.667510,1775556862.717612,599616527696259598,-1224,13,39
3.672510,1775556862.717612,599616527696259598,-1168,21,20
3.677510,1775556862.717612,599616527696259598,-1145,41,8
3.682510,1775556862.717612,599616527696259598,-1112,57,-2
3.687510,1775556862.717612,599616527696259598,-1082,72,-4
3.692510,1775556862.717612,599616527696259598,-1062,93,3
3.697510,1775556862.717612,599616527696259598,-1042,109,-7
3.698690,1775556862.896725,599616527872440016,-1029,116,-7
3.703690,1775556862.896725,599616527872440016,-1021,122,-18
3.708690,1775556862.896725,599616527872440016,-1020,131,-30
3.713690,1775556862.896725,599616527872440016,-1014,131,-55
3.718690,1775556862.896725,599616527872440016,-1003,135,-68
3.723690,1775556862.896725,599616527872440016,-1015,139,-77
3.728690,1775556862.896725,599616527872440016,-1015,136,-89
3.733690,1775556862.896725,599616527872440016,-1015,132,-104
3.738690,1775556862.896725,599616527872440016,-1018,128,-119
3.743690,1775556862.896725,599616527872440016,-1016,124,-112
3.748690,1775556862.896725,599616527872440016,-997,117,-109
3.753690,1775556862.896725,599616527872440016,-980,99,-98
3.758690,1775556862.896725,599616527872440016,-954,76,-86
3.763690,1775556862.896725,599616527872440016,-924,51,-76
3.768690,1775556862.896725,599616527872440016,-905,34,-77
3.773690,1775556862.896725,599616527872440016,-882,21,-90
3.778690,1775556862.896725,599616527872440016,-861,22,-113
3.783690,1775556862.896725,599616527872440016,-839,28,-136
3.788690,1775556862.896725,599616527872440016,-812,34,-151
3.793690,1775556862.896725,599616527872440016,-779,45,-153
3.798690,1775556862.896725,599616527872440016,-728,59,-149
3.803690,1775556862.896725,599616527872440016,-669,77,-136
3.808690,1775556862.896725,599616527872440016,-640,94,-126
3.813690,1775556862.896725,599616527872440016,-600,112,-114
3.818690,1775556862.896725,599616527872440016,-562,117,-91
3.823690,1775556862.896725,599616527872440016,-544,124,-86
3.828690,1775556862.896725,599616527872440016,-537,125,-100
3.833690,1775556862.896725,599616527872440016,-553,125,-133
3.838690,1775556862.896725,599616527872440016,-590,125,-180
3.843690,1775556862.896725,599616527872440016,-645,118,-244
3.848690,1775556862.896725,599616527872440016,-705,110,-305
3.853690,1775556862.896725,599616527872440016,-762,103,-359
3.858690,1775556862.896725,599616527872440016,-807,95,-393
3.863690,1775556862.896725,599616527872440016,-835,94,-411
3.868690,1775556862.896725,599616527872440016,-864,96,-403
3.873690,1775556862.896725,599616527872440016,-886,110,-374
3.874870,1775556863.077975,599616528048620430,-910,121,-349
3.879870,1775556863.077975,599616528048620430,-929,132,-323
3.884870,1775556863.077975,599616528048620430,-959,148,-290
3.889870,1775556863.077975,599616528048620430,-984,163,-270
3.894870,1775556863.077975,599616528048620430,-1015,174,-264
3.899870,1775556863.077975,599616528048620430,-1056,169,-277
3.904870,1775556863.077975,599616528048620430,-1129,173,-302
3.909870,1775556863.077975,599616528048620430,-1213,175,-352
3.914870,1775556863.077975,599616528048620430,-1254,180,-416
3.919870,1775556863.077975,599616528048620430,-1245,175,-446
3.924870,1775556863.077975,599616528048620430,-1206,153,-464
3.929870,1775556863.077975,599616528048620430,-1145,124,-460
3.934870,1775556863.077975,599616528048620430,-1073,97,-445
3.939870,1775556863.077975,599616528048620430,-1007,67,-417
3.944870,1775556863.077975,599616528048620430,-936,47,-359
3.949870,1775556863.077975,599616528048620430,-873,36,-306
3.954870,1775556863.077975,599616528048620430,-811,30,-234
3.959870,1775556863.077975,599616528048620430,-762,28,-169
3.964870,1775556863.077975,599616528048620430,-702,36,-75
3.969870,1775556863.077975,599616528048620430,-648,47,9
3.974870,1775556863.077975,599616528048620430,-611,65,79
3.979870,1775556863.077975,599616528048620430,-578,86,144
3.984870,1775556863.077975,599616528048620430,-557,105,208
3.989870,1775556863.077975,599616528048620430,-549,115,275
3.994870,1775556863.077975,599616528048620430,-551,133,313
3.999870,1775556863.077975,599616528048620430,-560,153,348
4.004870,1775556863.077975,599616528048620430,-559,168,381
4.009870,1775556863.077975,599616528048620430,-555,180,428
4.014870,1775556863.077975,599616528048620430,-549,185,520
4.019870,1775556863.077975,599616528048620430,-554,199,626
4.024870,1775556863.077975,599616528048620430,-583,226,747
4.029870,1775556863.077975,599616528048620430,-630,232,826
4.034870,1775556863.077975,599616528048620430,-704,246,875
4.039870,1775556863.077975,599616528048620430,-764,238,927
4.044870,1775556863.077975,599616528048620430,-829,241,942
4.049870,1775556863.077975,599616528048620430,-928,235,966
4.051081,1775556863.255384,599616528224831372,-1013,214,979
4.056081,1775556863.255384,599616528224831372,-1106,206,956
4.061081,1775556863.255384,599616528224831372,-1197,180,942
4.066081,1775556863.255384,599616528224831372,-1274,169,910
4.071081,1775556863.255384,599616528224831372,-1349,169,865
4.076081,1775556863.255384,599616528224831372,-1441,187,795
4.081081,1775556863.255384,599616528224831372,-1541,221,687
4.086081,1775556863.255384,599616528224831372,-1662,258,541
4.091081,1775556863.255384,599616528224831372,-1799,307,367
4.096081,1775556863.255384,599616528224831372,-1921,349,211
4.101081,1775556863.255384,599616528224831372,-2005,351,96
4.106081,1775556863.255384,599616528224831372,-2041,322,76
4.111081,1775556863.255384,599616528224831372,-2074,286,186
4.116081,1775556863.255384,599616528224831372,-2136,242,369
4.121081,1775556863.255384,599616528224831372,-2214,235,468
4.126081,1775556863.255384,599616528224831372,-2269,246,483
4.131081,1775556863.255384,599616528224831372,-2270,248,512
4.136081,1775556863.255384,599616528224831372,-2177,218,535
4.141081,1775556863.255384,599616528224831372,-1990,153,527
4.146081,1775556863.255384,599616528224831372,-1744,78,498
4.151081,1775556863.255384,599616528224831372,-1442,16,430
4.156081,1775556863.255384,599616528224831372,-1113,-30,356
4.161081,1775556863.255384,599616528224831372,-818,-88,319
4.166081,1775556863.255384,599616528224831372,-607,-102,325
4.171081,1775556863.255384,599616528224831372,-507,-76,340
4.176081,1775556863.255384,599616528224831372,-426,-73,375
4.181081,1775556863.255384,599616528224831372,-323,-99,385
4.186081,1775556863.255384,599616528224831372,-251,-137,325
4.191081,1775556863.255384,599616528224831372,-239,-175,135
4.196081,1775556863.255384,599616528224831372,-260,-192,-98
4.201081,1775556863.255384,599616528224831372,-269,-208,-280
4.206081,1775556863.255384,599616528224831372,-252,-216,-344
4.211081,1775556863.255384,599616528224831372,-221,-210,-331
4.216081,1775556863.255384,599616528224831372,-187,-193,-271
4.221081,1775556863.255384,599616528224831372,-190,-158,-211
4.226081,1775556863.255384,599616528224831372,-221,-125,-156
4.227262,1775556863.437226,599616528401011776,-259,-93,-84
4.232262,1775556863.437226,599616528401011776,-290,-59,-23
4.237262,1775556863.437226,599616528401011776,-337,-26,30
4.242262,1775556863.437226,599616528401011776,-365,0,99
4.247262,1775556863.437226,599616528401011776,-395,18,183
4.252262,1775556863.437226,599616528401011776,-411,32,266
4.257262,1775556863.437226,599616528401011776,-430,47,341
4.262262,1775556863.437226,599616528401011776,-479,59,408
4.267262,1775556863.437226,599616528401011776,-524,67,438
4.272262,1775556863.437226,599616528401011776,-572,75,473
4.277262,1775556863.437226,599616528401011776,-624,76,482
4.282262,1775556863.437226,599616528401011776,-678,81,496
4.287262,1775556863.437226,599616528401011776,-733,104,536
4.292262,1775556863.437226,599616528401011776,-775,98,564
4.297262,1775556863.437226,599616528401011776,-808,110,629
4.302262,1775556863.437226,599616528401011776,-853,124,709
4.307262,1775556863.437226,599616528401011776,-910,135,788
4.312262,1775556863.437226,599616528401011776,-962,162,835
4.317262,1775556863.437226,599616528401011776,-1020,157,879
4.322262,1775556863.437226,599616528401011776,-1080,137,919
4.327262,1775556863.437226,599616528401011776,-1137,120,960
4.332262,1775556863.437226,599616528401011776,-1176,78,990
4.337262,1775556863.437226,599616528401011776,-1246,37,1016
4.342262,1775556863.437226,599616528401011776,-1292,15,1052
4.347262,1775556863.437226,599616528401011776,-1365,3,1073
4.352262,1775556863.437226,599616528401011776,-1378,-2,1089
4.357262,1775556863.437226,599616528401011776,-1309,0,1108
4.362262,1775556863.437226,599616528401011776,-1232,7,1141
4.367262,1775556863.437226,599616528401011776,-1142,16,1188
4.372262,1775556863.437226,599616528401011776,-1066,19,1214
4.377262,1775556863.437226,599616528401011776,-1024,27,1174
4.382262,1775556863.437226,599616528401011776,-992,44,1092
4.387262,1775556863.437226,599616528401011776,-954,61,992
4.392262,1775556863.437226,599616528401011776,-903,78,880
4.397262,1775556863.437226,599616528401011776,-824,87,794
4.402262,1775556863.437226,599616528401011776,-751,96,724
4.403412,1775556863.661628,599616528577161662,-671,97,643
4.408412,1775556863.661628,599616528577161662,-622,95,567
4.413411,1775556863.661628,599616528577161662,-575,75,499
4.418411,1775556863.661628,599616528577161662,-556,60,432
4.423411,1775556863.661628,599616528577161662,-563,59,392
4.428411,1775556863.661628,599616528577161662,-575,68,351
4.433411,1775556863.661628,599616528577161662,-587,84,320
4.438411,1775556863.661628,599616528577161662,-595,111,305
4.443411,1775556863.661628,599616528577161662,-605,137,312
4.448411,1775556863.661628,599616528577161662,-606,180,346
4.453411,1775556863.661628,599616528577161662,-603,221,398
4.458411,1775556863.661628,599616528577161662,-603,266,443
4.463411,1775556863.661628,599616528577161662,-627,323,486
4.468411,1775556863.661628,599616528577161662,-651,375,509
4.473411,1775556863.661628,599616528577161662,-682,410,514
4.478411,1775556863.661628,599616528577161662,-737,456,519
4.483411,1775556863.661628,599616528577161662,-784,479,523
4.488411,1775556863.661628,599616528577161662,-823,494,531
4.493411,1775556863.661628,599616528577161662,-868,506,530
4.498411,1775556863.661628,599616528577161662,-915,515,527
4.503411,1775556863.661628,599616528577161662,-954,538,531
4.508411,1775556863.661628,599616528577161662,-1003,557,523
4.513411,1775556863.661628,599616528577161662,-1035,555,499
4.518412,1775556863.661628,599616528577161662,-1076,520,448
4.523412,1775556863.661628,599616528577161662,-1107,491,400
4.528412,1775556863.661628,599616528577161662,-1142,461,322
4.533412,1775556863.661628,599616528577161662,-1167,396,267
4.538411,1775556863.661628,599616528577161662,-1213,308,193
4.543411,1775556863.661628,599616528577161662,-1250,203,109
4.548411,1775556863.661628,599616528577161662,-1269,120,37
4.553411,1775556863.661628,599616528577161662,-1271,37,-15
4.558411,1775556863.661628,599616528577161662,-1267,-30,-31
4.563411,1775556863.661628,599616528577161662,-1267,-99,-52
4.568411,1775556863.661628,599616528577161662,-1260,-167,-39
4.573411,1775556863.661628,599616528577161662,-1248,-217,5
4.578411,1775556863.661628,599616528577161662,-1229,-249,75
4.579592,1775556863.797481,599616528753342086,-1205,-292,165
4.584592,1775556863.797481,599616528753342086,-1171,-323,242
4.589592,1775556863.797481,599616528753342086,-1149,-376,282
4.594592,1775556863.797481,599616528753342086,-1134,-390,296
4.599592,1775556863.797481,599616528753342086,-1096,-394,298
4.604592,1775556863.797481,599616528753342086,-1043,-397,298
4.609592,1775556863.797481,599616528753342086,-987,-386,308
4.614592,1775556863.797481,599616528753342086,-908,-378,335
4.619592,1775556863.797481,599616528753342086,-827,-373,367
4.624592,1775556863.797481,599616528753342086,-778,-362,399
4.629592,1775556863.797481,599616528753342086,-728,-348,414
4.634592,1775556863.797481,599616528753342086,-692,-343,407
4.639592,1775556863.797481,599616528753342086,-652,-344,385
4.644592,1775556863.797481,599616528753342086,-620,-358,343
4.649592,1775556863.797481,599616528753342086,-576,-362,298
4.654592,1775556863.797481,599616528753342086,-538,-373,261
4.659592,1775556863.797481,599616528753342086,-521,-372,211
4.664592,1775556863.797481,599616528753342086,-504,-368,160
4.669592,1775556863.797481,599616528753342086,-496,-350,122
4.674592,1775556863.797481,599616528753342086,-508,-319,89
4.679592,1775556863.797481,599616528753342086,-529,-297,83
4.684592,1775556863.797481,599616528753342086,-554,-268,88
4.689592,1775556863.797481,599616528753342086,-572,-246,104
4.694592,1775556863.797481,599616528753342086,-592,-234,137
4.699592,1775556863.797481,599616528753342086,-600,-212,161
4.704592,1775556863.797481,599616528753342086,-615,-169,179
4.709592,1775556863.797481,599616528753342086,-638,-138,181
4.714592,1775556863.797481,599616528753342086,-650,-96,184
4.719592,1775556863.797481,599616528753342086,-663,-52,189
4.724592,1775556863.797481,599616528753342086,-678,-20,196
4.729592,1775556863.797481,599616528753342086,-685,8,186
4.734592,1775556863.797481,599616528753342086,-672,24,207
4.739592,1775556863.797481,599616528753342086,-655,51,245
4.744592,1775556863.797481,599616528753342086,-649,72,271
4.749592,1775556863.797481,599616528753342086,-648,83,299
4.754592,1775556863.797481,599616528753342086,-660,83,366
